Date,Time,Software,Status,Feature,User Machine,Licenses
2023-07-24,10:38:29,LMCOMSOL,IN,SERIAL,sabarish@GWS-12
2023-07-24,10:38:29,LMCOMSOL,IN,COMSOL,sabarish@GWS-12
2023-07-24,10:38:29,LMCOMSOL,IN,COMSOLGUI,sabarish@GWS-12
2023-07-24,10:38:29,LMCOMSOL,IN,CFD,sabarish@GWS-12
2023-07-24,10:38:29,LMCOMSOL,IN,SERIAL,sabarish@GWS-12
2023-07-24,10:38:29,LMCOMSOL,IN,COMSOLUSER,sabarish@GWS-12
2023-07-24,10:38:30,LMCOMSOL,IN,COMSOL,sabarish@GWS-12
2023-07-24,10:38:30,LMCOMSOL,IN,COMSOLGUI,sabarish@GWS-12
2023-07-24,10:38:30,LMCOMSOL,IN,CFD,sabarish@GWS-12
2023-07-24,10:38:30,LMCOMSOL,IN,COMSOLUSER,sabarish@GWS-12
2023-07-24,11:39:41,LMCOMSOL,OUT,CADIMPORTUSER,avijit@GWS-1
2023-07-24,11:39:41,LMCOMSOL,OUT,CADIMPORTUSER,avijit@GWS-1
2023-07-24,11:39:41,LMCOMSOL,OUT,CADIMPORTUSER,avijit@GWS-1
2023-07-24,11:39:41,LMCOMSOL,OUT,CADIMPORTUSER,avijit@GWS-1
2023-07-24,11:39:41,LMCOMSOL,OUT,CADIMPORTUSER,avijit@GWS-1
2023-07-24,11:39:41,LMCOMSOL,OUT,CADIMPORTUSER,avijit@GWS-1
2023-07-24,11:39:41,LMCOMSOL,OUT,CADIMPORTUSER,avijit@GWS-1
2023-07-24,11:39:41,LMCOMSOL,OUT,CADIMPORTUSER,avijit@GWS-1
2023-07-24,11:39:41,LMCOMSOL,OUT,COMSOLGUI,avijit@GWS-1
2023-07-24,11:39:41,LMCOMSOL,OUT,COMSOLGUI,avijit@GWS-1
2023-07-24,11:39:42,LMCOMSOL,OUT,CADIMPORT,avijit@GWS-1
2023-07-24,11:39:42,LMCOMSOL,OUT,ACDC,avijit@GWS-1
2023-07-24,11:39:42,LMCOMSOL,OUT,ACDC,avijit@GWS-1
2023-07-24,11:39:42,LMCOMSOL,OUT,COMSOLUSER,avijit@GWS-1
2023-07-24,11:39:42,LMCOMSOL,OUT,CFD,avijit@GWS-1
2023-07-24,11:39:42,LMCOMSOL,OUT,COMSOLUSER,avijit@GWS-1
2023-07-24,11:39:42,LMCOMSOL,OUT,CADIMPORTUSER,avijit@GWS-1
2023-07-24,11:39:42,LMCOMSOL,OUT,SERIAL,avijit@GWS-1
2023-07-24,11:39:42,LMCOMSOL,OUT,SERIAL,avijit@GWS-1
2023-07-24,11:39:42,LMCOMSOL,OUT,SERIAL,avijit@GWS-1
2023-07-24,11:39:42,LMCOMSOL,OUT,SERIAL,avijit@GWS-1
2023-07-24,11:39:42,LMCOMSOL,OUT,SERIAL,avijit@GWS-1
2023-07-24,11:39:42,LMCOMSOL,OUT,SERIAL,avijit@GWS-1
2023-07-24,11:39:42,LMCOMSOL,OUT,SERIAL,avijit@GWS-1
2023-07-24,11:39:42,LMCOMSOL,OUT,COMSOL,avijit@GWS-1
2023-07-24,11:39:42,LMCOMSOL,OUT,COMSOL,avijit@GWS-1
2023-07-24,11:39:42,LMCOMSOL,OUT,COMSOL,avijit@GWS-1
2023-07-24,11:39:42,LMCOMSOL,OUT,COMSOL,avijit@GWS-1
2023-07-24,11:39:42,LMCOMSOL,OUT,COMSOL,avijit@GWS-1
2023-07-24,11:39:42,LMCOMSOL,OUT,COMSOL,avijit@GWS-1
2023-07-24,11:39:42,LMCOMSOL,OUT,COMSOL,avijit@GWS-1
2023-07-24,11:39:43,LMCOMSOL,OUT,COMSOLGUI,avijit@GWS-1
2023-07-24,11:39:43,LMCOMSOL,OUT,COMSOLGUI,avijit@GWS-1
2023-07-24,11:39:43,LMCOMSOL,OUT,COMSOLGUI,avijit@GWS-1
2023-07-24,11:39:43,LMCOMSOL,OUT,COMSOLGUI,avijit@GWS-1
2023-07-24,11:39:43,LMCOMSOL,OUT,COMSOLGUI,avijit@GWS-1
2023-07-24,11:39:43,LMCOMSOL,OUT,COMSOLGUI,avijit@GWS-1
2023-07-24,11:39:43,LMCOMSOL,OUT,COMSOLGUI,avijit@GWS-1
2023-07-24,11:39:43,LMCOMSOL,OUT,CADIMPORT,avijit@GWS-1
2023-07-24,11:39:43,LMCOMSOL,OUT,CADIMPORT,avijit@GWS-1
2023-07-24,11:39:43,LMCOMSOL,OUT,CADIMPORT,avijit@GWS-1
2023-07-24,11:39:43,LMCOMSOL,OUT,CADIMPORT,avijit@GWS-1
2023-07-24,11:39:43,LMCOMSOL,OUT,CADIMPORT,avijit@GWS-1
2023-07-24,11:39:43,LMCOMSOL,OUT,CADIMPORT,avijit@GWS-1
2023-07-24,11:39:43,LMCOMSOL,OUT,CADIMPORT,avijit@GWS-1
2023-07-24,11:39:43,LMCOMSOL,OUT,ACDC,avijit@GWS-1
2023-07-24,11:39:43,LMCOMSOL,OUT,ACDC,avijit@GWS-1
2023-07-24,11:39:43,LMCOMSOL,OUT,ACDC,avijit@GWS-1
2023-07-24,11:39:43,LMCOMSOL,OUT,ACDC,avijit@GWS-1
2023-07-24,11:39:43,LMCOMSOL,OUT,ACDC,avijit@GWS-1
2023-07-24,11:39:43,LMCOMSOL,OUT,ACDC,avijit@GWS-1
2023-07-24,11:39:43,LMCOMSOL,OUT,ACDC,avijit@GWS-1
2023-07-24,11:39:43,LMCOMSOL,OUT,CFD,avijit@GWS-1
2023-07-24,11:39:43,LMCOMSOL,OUT,CFD,avijit@GWS-1
2023-07-24,11:39:43,LMCOMSOL,OUT,CFD,avijit@GWS-1
2023-07-24,11:39:43,LMCOMSOL,OUT,CFD,avijit@GWS-1
2023-07-24,11:39:43,LMCOMSOL,OUT,CFD,avijit@GWS-1
2023-07-24,11:39:43,LMCOMSOL,OUT,CFD,avijit@GWS-1
2023-07-24,11:39:43,LMCOMSOL,OUT,CFD,avijit@GWS-1
2023-07-24,11:39:45,LMCOMSOL,OUT,SERIAL,avijit@GWS-1
2023-07-24,11:39:45,LMCOMSOL,OUT,COMSOL,avijit@GWS-1
2023-07-24,11:39:45,LMCOMSOL,OUT,COMSOLGUI,avijit@GWS-1
2023-07-24,11:39:46,LMCOMSOL,OUT,CADIMPORT,avijit@GWS-1
2023-07-24,11:39:46,LMCOMSOL,OUT,ACDC,avijit@GWS-1
2023-07-24,11:39:46,LMCOMSOL,OUT,CFD,avijit@GWS-1
2023-07-24,11:39:52,LMCOMSOL,OUT,COMSOLUSER,sabarish@GWS-12
2023-07-24,11:40:02,LMCOMSOL,OUT,SERIAL,avijit@GWS-1
2023-07-24,11:40:02,LMCOMSOL,OUT,COMSOL,avijit@GWS-1
2023-07-24,11:40:07,LMCOMSOL,OUT,SERIAL,avijit@GWS-1
2023-07-24,11:40:07,LMCOMSOL,OUT,COMSOL,avijit@GWS-1
2023-07-24,11:40:15,LMCOMSOL,OUT,SERIAL,sabarish@GWS-12
2023-07-24,11:40:19,LMCOMSOL,OUT,COMSOL,sabarish@GWS-12
2023-07-24,11:40:19,LMCOMSOL,OUT,COMSOLGUI,sabarish@GWS-12
2023-07-24,11:40:20,LMCOMSOL,OUT,CFD,sabarish@GWS-12
2023-07-24,11:40:43,LMCOMSOL,OUT,COMSOLUSER,avijit@GWS-1
2023-07-24,11:40:43,LMCOMSOL,OUT,COMSOLUSER,avijit@GWS-1
2023-07-24,11:40:43,LMCOMSOL,OUT,COMSOLUSER,avijit@GWS-1
2023-07-24,11:40:43,LMCOMSOL,OUT,COMSOLUSER,avijit@GWS-1
2023-07-24,11:40:43,LMCOMSOL,OUT,COMSOLUSER,avijit@GWS-1
2023-07-24,11:40:43,LMCOMSOL,OUT,COMSOLUSER,avijit@GWS-1
2023-07-24,11:40:43,LMCOMSOL,OUT,COMSOLUSER,avijit@GWS-1
2023-07-24,11:40:46,LMCOMSOL,OUT,COMSOLUSER,avijit@GWS-1
2023-07-24,13:35:08,LMCOMSOL,IN,CADIMPORTUSER,avijit@GWS-1
2023-07-24,13:35:08,LMCOMSOL,IN,CADIMPORTUSER,avijit@GWS-1
2023-07-24,13:35:08,LMCOMSOL,IN,SERIAL,avijit@GWS-1
2023-07-24,13:35:08,LMCOMSOL,IN,SERIAL,avijit@GWS-1
2023-07-24,13:35:08,LMCOMSOL,IN,SERIAL,avijit@GWS-1
2023-07-24,13:35:08,LMCOMSOL,IN,COMSOL,avijit@GWS-1
2023-07-24,13:35:08,LMCOMSOL,IN,SERIAL,avijit@GWS-1
2023-07-24,13:35:08,LMCOMSOL,IN,COMSOL,avijit@GWS-1
2023-07-24,13:35:08,LMCOMSOL,IN,COMSOL,avijit@GWS-1
2023-07-24,13:35:08,LMCOMSOL,IN,COMSOLGUI,avijit@GWS-1
2023-07-24,13:35:08,LMCOMSOL,IN,COMSOL,avijit@GWS-1
2023-07-24,13:35:08,LMCOMSOL,IN,SERIAL,avijit@GWS-1
2023-07-24,13:35:08,LMCOMSOL,IN,COMSOLGUI,avijit@GWS-1
2023-07-24,13:35:08,LMCOMSOL,IN,COMSOLGUI,avijit@GWS-1
2023-07-24,13:35:08,LMCOMSOL,IN,CADIMPORT,avijit@GWS-1
2023-07-24,13:35:08,LMCOMSOL,IN,COMSOLGUI,avijit@GWS-1
2023-07-24,13:35:08,LMCOMSOL,IN,SERIAL,avijit@GWS-1
2023-07-24,13:35:08,LMCOMSOL,IN,COMSOL,avijit@GWS-1
2023-07-24,13:35:08,LMCOMSOL,IN,CADIMPORT,avijit@GWS-1
2023-07-24,13:35:08,LMCOMSOL,IN,SERIAL,avijit@GWS-1
2023-07-24,13:35:08,LMCOMSOL,IN,ACDC,avijit@GWS-1
2023-07-24,13:35:08,LMCOMSOL,IN,ACDC,avijit@GWS-1
2023-07-24,13:35:08,LMCOMSOL,IN,CFD,avijit@GWS-1
2023-07-24,13:35:08,LMCOMSOL,IN,CADIMPORT,avijit@GWS-1
2023-07-24,13:35:08,LMCOMSOL,IN,COMSOL,avijit@GWS-1
2023-07-24,13:35:08,LMCOMSOL,IN,ACDC,avijit@GWS-1
2023-07-24,13:35:08,LMCOMSOL,IN,COMSOLGUI,avijit@GWS-1
2023-07-24,13:35:08,LMCOMSOL,IN,COMSOL,avijit@GWS-1
2023-07-24,13:35:08,LMCOMSOL,IN,ACDC,avijit@GWS-1
2023-07-24,13:35:08,LMCOMSOL,IN,COMSOLUSER,avijit@GWS-1
2023-07-24,13:35:08,LMCOMSOL,IN,COMSOLGUI,avijit@GWS-1
2023-07-24,13:35:08,LMCOMSOL,IN,CADIMPORT,avijit@GWS-1
2023-07-24,13:35:08,LMCOMSOL,IN,CFD,avijit@GWS-1
2023-07-24,13:35:08,LMCOMSOL,IN,CFD,avijit@GWS-1
2023-07-24,13:35:08,LMCOMSOL,IN,COMSOLGUI,avijit@GWS-1
2023-07-24,13:35:08,LMCOMSOL,IN,COMSOLUSER,avijit@GWS-1
2023-07-24,13:35:08,LMCOMSOL,IN,CADIMPORT,avijit@GWS-1
2023-07-24,13:35:08,LMCOMSOL,IN,COMSOLUSER,avijit@GWS-1
2023-07-24,13:35:08,LMCOMSOL,IN,ACDC,avijit@GWS-1
2023-07-24,13:35:08,LMCOMSOL,IN,COMSOLUSER,avijit@GWS-1
2023-07-24,13:35:08,LMCOMSOL,IN,CADIMPORT,avijit@GWS-1
2023-07-24,13:35:08,LMCOMSOL,IN,COMSOLUSER,avijit@GWS-1
2023-07-24,13:35:08,LMCOMSOL,IN,ACDC,avijit@GWS-1
2023-07-24,13:35:08,LMCOMSOL,IN,ACDC,avijit@GWS-1
2023-07-24,13:35:08,LMCOMSOL,IN,CFD,avijit@GWS-1
2023-07-24,13:35:08,LMCOMSOL,IN,CADIMPORTUSER,avijit@GWS-1
2023-07-24,13:35:08,LMCOMSOL,IN,COMSOLUSER,avijit@GWS-1
2023-07-24,13:35:08,LMCOMSOL,IN,CFD,avijit@GWS-1
2023-07-24,13:35:13,LMCOMSOL,IN,CADIMPORTUSER,avijit@GWS-1
2023-07-24,13:35:13,LMCOMSOL,IN,CFD,avijit@GWS-1
2023-07-24,13:35:13,LMCOMSOL,IN,CADIMPORTUSER,avijit@GWS-1
2023-07-24,13:35:13,LMCOMSOL,IN,COMSOLUSER,avijit@GWS-1
2023-07-24,13:35:13,LMCOMSOL,IN,CADIMPORTUSER,avijit@GWS-1
2023-07-24,13:35:13,LMCOMSOL,IN,SERIAL,avijit@GWS-1
2023-07-24,13:35:14,LMCOMSOL,IN,COMSOL,avijit@GWS-1
2023-07-24,13:35:14,LMCOMSOL,IN,COMSOLGUI,avijit@GWS-1
2023-07-24,13:35:14,LMCOMSOL,IN,CADIMPORT,avijit@GWS-1
2023-07-24,13:35:14,LMCOMSOL,IN,ACDC,avijit@GWS-1
2023-07-24,13:35:14,LMCOMSOL,IN,CFD,avijit@GWS-1
2023-07-24,13:35:14,LMCOMSOL,IN,COMSOLUSER,avijit@GWS-1
2023-07-24,13:35:14,LMCOMSOL,IN,CADIMPORTUSER,avijit@GWS-1
2023-07-24,13:35:17,LMCOMSOL,IN,SERIAL,avijit@GWS-1
2023-07-24,13:35:17,LMCOMSOL,IN,COMSOL,avijit@GWS-1
2023-07-24,13:35:17,LMCOMSOL,IN,COMSOLGUI,avijit@GWS-1
2023-07-24,13:35:17,LMCOMSOL,IN,CADIMPORT,avijit@GWS-1
2023-07-24,13:35:17,LMCOMSOL,IN,ACDC,avijit@GWS-1
2023-07-24,13:35:18,LMCOMSOL,IN,CFD,avijit@GWS-1
2023-07-24,13:35:18,LMCOMSOL,IN,COMSOLUSER,avijit@GWS-1
2023-07-24,13:35:18,LMCOMSOL,IN,CADIMPORTUSER,avijit@GWS-1
2023-07-24,13:35:49,LMCOMSOL,IN,SERIAL,sabarish@GWS-12
2023-07-24,13:35:49,LMCOMSOL,IN,COMSOL,sabarish@GWS-12
2023-07-24,13:35:49,LMCOMSOL,IN,COMSOLGUI,sabarish@GWS-12
2023-07-24,13:35:49,LMCOMSOL,IN,CFD,sabarish@GWS-12
2023-07-24,13:35:49,LMCOMSOL,IN,COMSOLUSER,sabarish@GWS-12
2023-07-24,13:35:55,LMCOMSOL,IN,SERIAL,avijit@GWS-1
2023-07-24,13:35:55,LMCOMSOL,IN,COMSOL,avijit@GWS-1
2023-07-24,13:35:55,LMCOMSOL,IN,COMSOLGUI,avijit@GWS-1
2023-07-24,13:35:55,LMCOMSOL,IN,CADIMPORT,avijit@GWS-1
2023-07-24,13:35:56,LMCOMSOL,IN,ACDC,avijit@GWS-1
2023-07-24,13:35:56,LMCOMSOL,IN,CFD,avijit@GWS-1
2023-07-24,13:35:56,LMCOMSOL,IN,COMSOLUSER,avijit@GWS-1
2023-07-24,13:35:56,LMCOMSOL,IN,CADIMPORTUSER,avijit@GWS-1
2023-07-24,14:18:14,LMCOMSOL,OUT,SERIAL,apoongs@GWS-10
2023-07-24,14:18:14,LMCOMSOL,IN,SERIAL,apoongs@GWS-10
2023-07-24,14:18:14,LMCOMSOL,OUT,SERIAL,apoongs@GWS-10
2023-07-24,14:18:14,LMCOMSOL,IN,SERIAL,apoongs@GWS-10
2023-07-24,14:18:14,LMCOMSOL,OUT,SERIAL,apoongs@GWS-10
2023-07-24,14:18:14,LMCOMSOL,OUT,COMSOLGUI,apoongs@GWS-10
2023-07-24,14:18:14,LMCOMSOL,OUT,COMSOL,apoongs@GWS-10
2023-07-24,14:18:14,LMCOMSOL,OUT,COMSOLUSER,apoongs@GWS-10
2023-07-24,14:18:28,LMCOMSOL,IN,SERIAL,apoongs@GWS-10
2023-07-24,14:18:28,LMCOMSOL,OUT,SERIAL,apoongs@GWS-10
2023-07-24,14:19:40,LMCOMSOL,OUT,CORROSION,apoongs@GWS-10
2023-07-24,14:36:56,LMCOMSOL,IN,CORROSION,apoongs@GWS-10
2023-07-24,14:36:57,LMCOMSOL,OUT,CORROSION,apoongs@GWS-10
2023-07-24,15:10:12,LMCOMSOL,IN,CORROSION,apoongs@GWS-10
2023-07-24,15:10:13,LMCOMSOL,IN,COMSOL,apoongs@GWS-10
2023-07-24,15:10:13,LMCOMSOL,IN,COMSOLGUI,apoongs@GWS-10
2023-07-24,15:10:13,LMCOMSOL,IN,SERIAL,apoongs@GWS-10
2023-07-24,15:10:13,LMCOMSOL,OUT,SERIAL,apoongs@GWS-10
2023-07-24,15:10:13,LMCOMSOL,IN,COMSOLUSER,apoongs@GWS-10
2023-07-24,15:10:16,LMCOMSOL,IN,SERIAL,apoongs@GWS-10
2023-07-24,15:16:28,LMCOMSOL,OUT,SERIAL,kathirvelan@GWS-9
2023-07-24,15:16:28,LMCOMSOL,IN,SERIAL,kathirvelan@GWS-9
2023-07-24,15:16:28,LMCOMSOL,OUT,SERIAL,kathirvelan@GWS-9
2023-07-24,15:16:28,LMCOMSOL,IN,SERIAL,kathirvelan@GWS-9
2023-07-24,15:16:28,LMCOMSOL,OUT,SERIAL,kathirvelan@GWS-9
2023-07-24,15:16:28,LMCOMSOL,OUT,COMSOLGUI,kathirvelan@GWS-9
2023-07-24,15:16:28,LMCOMSOL,OUT,COMSOL,kathirvelan@GWS-9
2023-07-24,15:16:28,LMCOMSOL,OUT,COMSOLUSER,kathirvelan@GWS-9
2023-07-24,15:16:35,LMCOMSOL,IN,SERIAL,kathirvelan@GWS-9
2023-07-24,15:16:47,LMCOMSOL,OUT,SERIAL,kathirvelan@GWS-9
2023-07-24,15:19:24,LMCOMSOL,IN,COMSOL,kathirvelan@GWS-9
2023-07-24,15:19:24,LMCOMSOL,IN,COMSOLGUI,kathirvelan@GWS-9
2023-07-24,15:19:24,LMCOMSOL,IN,SERIAL,kathirvelan@GWS-9
2023-07-24,15:19:36,LMCOMSOL,OUT,SERIAL,kathirvelan@GWS-9
2023-07-24,15:19:36,LMCOMSOL,IN,COMSOLUSER,kathirvelan@GWS-9
2023-07-24,15:19:39,LMCOMSOL,IN,SERIAL,kathirvelan@GWS-9
2023-07-31,12:00:53,LMCOMSOL,OUT,SERIAL,sabarish@GWS-9
2023-07-31,12:00:53,LMCOMSOL,IN,SERIAL,sabarish@GWS-9
2023-07-31,12:01:04,LMCOMSOL,OUT,SERIAL,sabarish@GWS-9
2023-07-31,12:01:04,LMCOMSOL,OUT,SERIAL,sabarish@GWS-9
2023-07-31,12:01:04,LMCOMSOL,IN,SERIAL,sabarish@GWS-9
2023-07-31,12:01:04,LMCOMSOL,OUT,SERIAL,sabarish@GWS-9
2023-07-31,12:01:04,LMCOMSOL,OUT,COMSOLGUI,sabarish@GWS-9
2023-07-31,12:01:04,LMCOMSOL,OUT,COMSOLGUI,sabarish@GWS-9
2023-07-31,12:01:04,LMCOMSOL,OUT,COMSOL,sabarish@GWS-9
2023-07-31,12:01:04,LMCOMSOL,OUT,COMSOL,sabarish@GWS-9
2023-07-31,12:01:27,LMCOMSOL,OUT,SERIAL,sabarish@GWS-9
2023-07-31,12:01:27,LMCOMSOL,IN,SERIAL,sabarish@GWS-9
2023-07-31,12:01:28,LMCOMSOL,OUT,SERIAL,sabarish@GWS-9
2023-07-31,12:01:28,LMCOMSOL,IN,SERIAL,sabarish@GWS-9
2023-07-31,12:01:28,LMCOMSOL,OUT,SERIAL,sabarish@GWS-9
2023-07-31,12:01:28,LMCOMSOL,OUT,COMSOLGUI,sabarish@GWS-9
2023-07-31,12:01:28,LMCOMSOL,OUT,COMSOL,sabarish@GWS-9
2023-07-31,12:01:28,LMCOMSOL,OUT,COMSOLUSER,sabarish@GWS-9
2023-07-31,12:01:29,LMCOMSOL,IN,COMSOL,sabarish@GWS-9
2023-07-31,12:01:29,LMCOMSOL,IN,COMSOLGUI,sabarish@GWS-9
2023-07-31,12:01:29,LMCOMSOL,IN,SERIAL,sabarish@GWS-9
2023-07-31,12:01:31,LMCOMSOL,IN,COMSOL,sabarish@GWS-9
2023-07-31,12:01:31,LMCOMSOL,IN,COMSOLGUI,sabarish@GWS-9
2023-07-31,12:01:31,LMCOMSOL,IN,SERIAL,sabarish@GWS-9
2023-07-31,12:01:36,LMCOMSOL,IN,SERIAL,sabarish@GWS-9
2023-07-31,12:01:48,LMCOMSOL,OUT,SERIAL,sabarish@GWS-9
2023-07-31,12:02:36,LMCOMSOL,OUT,CFD,sabarish@GWS-9
2023-07-31,12:05:11,LMCOMSOL,OUT,SERIAL,sabarish@GWS-9
2023-07-31,12:05:11,LMCOMSOL,OUT,SERIAL,sabarish@GWS-9
2023-07-31,12:05:11,LMCOMSOL,IN,SERIAL,sabarish@GWS-9
2023-07-31,12:05:11,LMCOMSOL,IN,SERIAL,sabarish@GWS-9
2023-07-31,12:05:11,LMCOMSOL,OUT,SERIAL,sabarish@GWS-9
2023-07-31,12:05:11,LMCOMSOL,OUT,SERIAL,sabarish@GWS-9
2023-07-31,12:05:11,LMCOMSOL,IN,SERIAL,sabarish@GWS-9
2023-07-31,12:05:11,LMCOMSOL,OUT,SERIAL,sabarish@GWS-9
2023-07-31,12:05:11,LMCOMSOL,IN,SERIAL,sabarish@GWS-9
2023-07-31,12:05:11,LMCOMSOL,OUT,SERIAL,sabarish@GWS-9
2023-07-31,12:05:11,LMCOMSOL,OUT,COMSOLGUI,sabarish@GWS-9
2023-07-31,12:05:12,LMCOMSOL,OUT,COMSOLGUI,sabarish@GWS-9
2023-07-31,12:05:12,LMCOMSOL,OUT,COMSOL,sabarish@GWS-9
2023-07-31,12:05:12,LMCOMSOL,OUT,COMSOL,sabarish@GWS-9
2023-07-31,12:05:12,LMCOMSOL,OUT,COMSOLUSER,sabarish@GWS-9
2023-07-31,12:05:12,LMCOMSOL,OUT,COMSOLUSER,sabarish@GWS-9
2023-07-31,12:05:23,LMCOMSOL,IN,SERIAL,sabarish@GWS-9
2023-07-31,12:05:23,LMCOMSOL,IN,SERIAL,sabarish@GWS-9
2023-07-31,12:05:35,LMCOMSOL,OUT,SERIAL,sabarish@GWS-9
2023-07-31,12:05:35,LMCOMSOL,OUT,SERIAL,sabarish@GWS-9
2023-07-31,12:05:37,LMCOMSOL,OUT,SERIAL,sabarish@GWS-9
2023-07-31,12:05:37,LMCOMSOL,IN,SERIAL,sabarish@GWS-9
2023-07-31,12:05:37,LMCOMSOL,OUT,SERIAL,sabarish@GWS-9
2023-07-31,12:05:37,LMCOMSOL,OUT,COMSOLGUI,sabarish@GWS-9
2023-07-31,12:05:37,LMCOMSOL,OUT,COMSOL,sabarish@GWS-9
2023-07-31,12:05:55,LMCOMSOL,IN,COMSOL,sabarish@GWS-9
2023-07-31,12:05:55,LMCOMSOL,IN,COMSOLGUI,sabarish@GWS-9
2023-07-31,12:05:55,LMCOMSOL,IN,SERIAL,sabarish@GWS-9
2023-07-31,12:06:23,LMCOMSOL,OUT,SERIAL,sabarish@GWS-9
2023-07-31,12:06:23,LMCOMSOL,IN,SERIAL,sabarish@GWS-9
2023-07-31,12:06:23,LMCOMSOL,OUT,SERIAL,sabarish@GWS-9
2023-07-31,12:06:23,LMCOMSOL,OUT,COMSOLGUI,sabarish@GWS-9
2023-07-31,12:06:23,LMCOMSOL,OUT,COMSOL,sabarish@GWS-9
2023-07-31,12:06:26,LMCOMSOL,OUT,CFD,sabarish@GWS-9
2023-07-31,12:06:51,LMCOMSOL,OUT,CFD,sabarish@GWS-9
2023-07-31,12:08:43,LMCOMSOL,IN,COMSOL,sabarish@GWS-9
2023-07-31,12:08:43,LMCOMSOL,IN,COMSOLGUI,sabarish@GWS-9
2023-07-31,12:08:43,LMCOMSOL,IN,SERIAL,sabarish@GWS-9
2023-07-31,17:33:38,LMCOMSOL,OUT,SERIAL,sabarish@GWS-9
2023-07-31,17:38:36,LMCOMSOL,IN,SERIAL,sabarish@GWS-9
2023-08-04,16:57:16,LMCOMSOL,OUT,SERIAL,sabarish@GWS-12
2023-08-04,16:57:16,LMCOMSOL,OUT,SERIAL,sabarish@GWS-12
2023-08-04,16:57:16,LMCOMSOL,OUT,SERIAL,sabarish@GWS-12
2023-08-04,16:57:16,LMCOMSOL,IN,SERIAL,sabarish@GWS-12
2023-08-04,16:57:16,LMCOMSOL,IN,SERIAL,sabarish@GWS-12
2023-08-04,16:57:16,LMCOMSOL,IN,SERIAL,sabarish@GWS-12
2023-08-04,16:57:16,LMCOMSOL,OUT,SERIAL,sabarish@GWS-12
2023-08-04,16:57:16,LMCOMSOL,OUT,SERIAL,sabarish@GWS-12
2023-08-04,16:57:16,LMCOMSOL,OUT,SERIAL,sabarish@GWS-12
2023-08-04,16:57:17,LMCOMSOL,IN,SERIAL,sabarish@GWS-12
2023-08-04,16:57:17,LMCOMSOL,IN,SERIAL,sabarish@GWS-12
2023-08-04,16:57:17,LMCOMSOL,OUT,SERIAL,sabarish@GWS-12
2023-08-04,16:57:17,LMCOMSOL,OUT,SERIAL,sabarish@GWS-12
2023-08-04,16:57:17,LMCOMSOL,OUT,COMSOLGUI,sabarish@GWS-12
2023-08-04,16:57:17,LMCOMSOL,OUT,COMSOLGUI,sabarish@GWS-12
2023-08-04,16:57:17,LMCOMSOL,OUT,COMSOL,sabarish@GWS-12
2023-08-04,16:57:17,LMCOMSOL,OUT,COMSOL,sabarish@GWS-12
2023-08-04,16:57:17,LMCOMSOL,IN,SERIAL,sabarish@GWS-12
2023-08-04,16:57:17,LMCOMSOL,OUT,COMSOLUSER,sabarish@GWS-12
2023-08-04,16:57:17,LMCOMSOL,OUT,COMSOLUSER,sabarish@GWS-12
2023-08-04,16:57:17,LMCOMSOL,OUT,SERIAL,sabarish@GWS-12
2023-08-04,16:57:17,LMCOMSOL,OUT,COMSOLGUI,sabarish@GWS-12
2023-08-04,16:57:17,LMCOMSOL,OUT,COMSOL,sabarish@GWS-12
2023-08-04,16:57:17,LMCOMSOL,OUT,COMSOLUSER,sabarish@GWS-12
2023-08-04,16:57:27,LMCOMSOL,IN,SERIAL,sabarish@GWS-12
2023-08-04,16:57:27,LMCOMSOL,IN,SERIAL,sabarish@GWS-12
2023-08-04,16:57:27,LMCOMSOL,IN,SERIAL,sabarish@GWS-12
2023-08-04,16:57:39,LMCOMSOL,OUT,SERIAL,sabarish@GWS-12
2023-08-04,16:57:39,LMCOMSOL,OUT,SERIAL,sabarish@GWS-12
2023-08-04,16:57:39,LMCOMSOL,OUT,SERIAL,sabarish@GWS-12
2023-08-04,16:58:15,LMCOMSOL,DENIED,CFD,sabarish@GWS-12
2023-08-04,16:58:15,LMCOMSOL,DENIED,CFD,sabarish@GWS-12
2023-08-04,16:58:15,LMCOMSOL,DENIED,CFD,sabarish@GWS-12
2023-08-04,16:58:15,LMCOMSOL,DENIED,CFD,sabarish@GWS-12
2023-08-04,16:58:15,LMCOMSOL,OUT,CORROSION,sabarish@GWS-12
2023-08-04,16:58:15,LMCOMSOL,OUT,CORROSION,sabarish@GWS-12
2023-08-04,16:58:15,LMCOMSOL,DENIED,CFD,sabarish@GWS-12
2023-08-04,16:58:15,LMCOMSOL,DENIED,CFD,sabarish@GWS-12
2023-08-04,16:58:15,LMCOMSOL,DENIED,CFD,sabarish@GWS-12
2023-08-04,16:58:15,LMCOMSOL,DENIED,CFD,sabarish@GWS-12
2023-08-04,16:58:15,LMCOMSOL,DENIED,CFD,sabarish@GWS-12
2023-08-04,16:58:15,LMCOMSOL,DENIED,CFD,sabarish@GWS-12
2023-08-04,16:58:16,LMCOMSOL,DENIED,CFD,sabarish@GWS-12
2023-08-04,16:58:16,LMCOMSOL,DENIED,CFD,sabarish@GWS-12
2023-08-04,16:58:16,LMCOMSOL,OUT,CORROSION,sabarish@GWS-12
2023-08-04,16:58:16,LMCOMSOL,DENIED,CFD,sabarish@GWS-12
2023-08-04,16:58:16,LMCOMSOL,DENIED,CFD,sabarish@GWS-12
2023-08-04,16:58:16,LMCOMSOL,DENIED,CFD,sabarish@GWS-12
2023-08-04,16:59:20,LMCOMSOL,IN,CORROSION,sabarish@GWS-12
2023-08-04,16:59:20,LMCOMSOL,IN,COMSOL,sabarish@GWS-12
2023-08-04,16:59:20,LMCOMSOL,IN,COMSOLGUI,sabarish@GWS-12
2023-08-04,16:59:20,LMCOMSOL,IN,SERIAL,sabarish@GWS-12
2023-08-04,16:59:23,LMCOMSOL,IN,CORROSION,sabarish@GWS-12
2023-08-04,16:59:23,LMCOMSOL,IN,COMSOL,sabarish@GWS-12
2023-08-04,16:59:23,LMCOMSOL,IN,COMSOLGUI,sabarish@GWS-12
2023-08-04,16:59:23,LMCOMSOL,IN,SERIAL,sabarish@GWS-12
2023-08-04,16:59:25,LMCOMSOL,IN,CORROSION,sabarish@GWS-12
2023-08-04,16:59:26,LMCOMSOL,IN,COMSOL,sabarish@GWS-12
2023-08-04,16:59:26,LMCOMSOL,IN,COMSOLGUI,sabarish@GWS-12
2023-08-04,16:59:26,LMCOMSOL,IN,SERIAL,sabarish@GWS-12
2023-08-04,16:59:32,LMCOMSOL,OUT,SERIAL,sabarish@GWS-12
2023-08-04,16:59:32,LMCOMSOL,OUT,SERIAL,sabarish@GWS-12
2023-08-04,16:59:32,LMCOMSOL,OUT,SERIAL,sabarish@GWS-12
2023-08-04,16:59:32,LMCOMSOL,IN,COMSOLUSER,sabarish@GWS-12
2023-08-04,16:59:32,LMCOMSOL,IN,COMSOLUSER,sabarish@GWS-12
2023-08-04,16:59:32,LMCOMSOL,IN,COMSOLUSER,sabarish@GWS-12
2023-08-04,16:59:35,LMCOMSOL,IN,SERIAL,sabarish@GWS-12
2023-08-04,16:59:35,LMCOMSOL,IN,SERIAL,sabarish@GWS-12
2023-08-04,16:59:35,LMCOMSOL,IN,SERIAL,sabarish@GWS-12
2023-08-04,17:04:03,LMCOMSOL,IN,CFD,sabarish@GWS-9
2023-08-04,17:04:03,LMCOMSOL,IN,COMSOL,sabarish@GWS-9
2023-08-04,17:04:03,LMCOMSOL,IN,COMSOLGUI,sabarish@GWS-9
2023-08-04,17:04:03,LMCOMSOL,IN,SERIAL,sabarish@GWS-9
2023-08-04,17:04:07,LMCOMSOL,IN,CFD,sabarish@GWS-9
2023-08-04,17:04:07,LMCOMSOL,IN,COMSOL,sabarish@GWS-9
2023-08-04,17:04:07,LMCOMSOL,IN,COMSOLGUI,sabarish@GWS-9
2023-08-04,17:04:07,LMCOMSOL,IN,SERIAL,sabarish@GWS-9
2023-08-04,17:04:09,LMCOMSOL,IN,CFD,sabarish@GWS-9
2023-08-04,17:04:09,LMCOMSOL,IN,COMSOL,sabarish@GWS-9
2023-08-04,17:04:09,LMCOMSOL,IN,COMSOLGUI,sabarish@GWS-9
2023-08-04,17:04:09,LMCOMSOL,IN,SERIAL,sabarish@GWS-9
2023-08-04,17:04:16,LMCOMSOL,OUT,SERIAL,sabarish@GWS-9
2023-08-04,17:04:16,LMCOMSOL,OUT,SERIAL,sabarish@GWS-9
2023-08-04,17:04:16,LMCOMSOL,OUT,SERIAL,sabarish@GWS-9
2023-08-04,17:04:16,LMCOMSOL,IN,COMSOLUSER,sabarish@GWS-9
2023-08-04,17:04:16,LMCOMSOL,IN,COMSOLUSER,sabarish@GWS-9
2023-08-04,17:04:16,LMCOMSOL,IN,COMSOLUSER,sabarish@GWS-9
2023-08-04,17:04:18,LMCOMSOL,IN,SERIAL,sabarish@GWS-9
2023-08-04,17:04:18,LMCOMSOL,IN,SERIAL,sabarish@GWS-9
2023-08-04,17:04:18,LMCOMSOL,IN,SERIAL,sabarish@GWS-9
2023-08-04,17:04:34,LMCOMSOL,OUT,SERIAL,sabarish@GWS-9
2023-08-04,17:04:34,LMCOMSOL,OUT,SERIAL,sabarish@GWS-9
2023-08-04,17:04:34,LMCOMSOL,OUT,SERIAL,sabarish@GWS-9
2023-08-04,17:04:34,LMCOMSOL,IN,SERIAL,sabarish@GWS-9
2023-08-04,17:04:34,LMCOMSOL,IN,SERIAL,sabarish@GWS-9
2023-08-04,17:04:34,LMCOMSOL,IN,SERIAL,sabarish@GWS-9
2023-08-04,17:04:45,LMCOMSOL,OUT,SERIAL,sabarish@GWS-9
2023-08-04,17:04:45,LMCOMSOL,OUT,SERIAL,sabarish@GWS-9
2023-08-04,17:04:45,LMCOMSOL,OUT,SERIAL,sabarish@GWS-9
2023-08-04,17:04:46,LMCOMSOL,OUT,COMSOLGUI,sabarish@GWS-9
2023-08-04,17:04:46,LMCOMSOL,OUT,COMSOLGUI,sabarish@GWS-9
2023-08-04,17:04:46,LMCOMSOL,OUT,COMSOLGUI,sabarish@GWS-9
2023-08-04,17:04:46,LMCOMSOL,OUT,COMSOL,sabarish@GWS-9
2023-08-04,17:04:46,LMCOMSOL,OUT,COMSOL,sabarish@GWS-9
2023-08-04,17:04:46,LMCOMSOL,OUT,COMSOL,sabarish@GWS-9
2023-08-04,17:05:02,LMCOMSOL,IN,COMSOL,sabarish@GWS-9
2023-08-04,17:05:02,LMCOMSOL,IN,COMSOLGUI,sabarish@GWS-9
2023-08-04,17:05:02,LMCOMSOL,IN,SERIAL,sabarish@GWS-9
2023-08-04,17:05:05,LMCOMSOL,IN,COMSOL,sabarish@GWS-9
2023-08-04,17:05:05,LMCOMSOL,IN,COMSOLGUI,sabarish@GWS-9
2023-08-04,17:05:05,LMCOMSOL,IN,SERIAL,sabarish@GWS-9
2023-08-04,17:05:07,LMCOMSOL,IN,COMSOL,sabarish@GWS-9
2023-08-04,17:05:07,LMCOMSOL,IN,COMSOLGUI,sabarish@GWS-9
2023-08-04,17:05:07,LMCOMSOL,IN,SERIAL,sabarish@GWS-9
2023-08-04,17:05:08,LMCOMSOL,OUT,SERIAL,sabarish@GWS-9
2023-08-04,17:05:08,LMCOMSOL,IN,SERIAL,sabarish@GWS-9
2023-08-04,17:05:20,LMCOMSOL,OUT,SERIAL,sabarish@GWS-9
2023-08-04,17:05:33,LMCOMSOL,OUT,COMSOLGUI,sabarish@GWS-9
2023-08-04,17:05:33,LMCOMSOL,OUT,SERIAL,sabarish@GWS-9
2023-08-04,17:05:33,LMCOMSOL,IN,SERIAL,sabarish@GWS-9
2023-08-04,17:05:33,LMCOMSOL,OUT,COMSOL,sabarish@GWS-9
2023-08-04,17:05:33,LMCOMSOL,OUT,SERIAL,sabarish@GWS-9
2023-08-04,17:05:33,LMCOMSOL,IN,SERIAL,sabarish@GWS-9
2023-08-04,17:05:33,LMCOMSOL,OUT,SERIAL,sabarish@GWS-9
2023-08-04,17:05:33,LMCOMSOL,OUT,COMSOLGUI,sabarish@GWS-9
2023-08-04,17:05:33,LMCOMSOL,OUT,COMSOL,sabarish@GWS-9
2023-08-04,17:05:33,LMCOMSOL,OUT,COMSOLUSER,sabarish@GWS-9
2023-08-04,17:05:41,LMCOMSOL,IN,SERIAL,sabarish@GWS-9
2023-08-04,17:05:53,LMCOMSOL,OUT,SERIAL,sabarish@GWS-9
2023-08-04,17:05:54,LMCOMSOL,IN,COMSOL,sabarish@GWS-9
2023-08-04,17:05:54,LMCOMSOL,IN,COMSOLGUI,sabarish@GWS-9
2023-08-04,17:05:54,LMCOMSOL,IN,SERIAL,sabarish@GWS-9
2023-08-04,17:06:18,LMCOMSOL,OUT,SERIAL,sabarish@GWS-9
2023-08-04,17:06:18,LMCOMSOL,OUT,SERIAL,sabarish@GWS-9
2023-08-04,17:06:18,LMCOMSOL,IN,SERIAL,sabarish@GWS-9
2023-08-04,17:06:18,LMCOMSOL,IN,SERIAL,sabarish@GWS-9
2023-08-04,17:06:18,LMCOMSOL,OUT,SERIAL,sabarish@GWS-9
2023-08-04,17:06:18,LMCOMSOL,OUT,SERIAL,sabarish@GWS-9
2023-08-04,17:06:18,LMCOMSOL,IN,SERIAL,sabarish@GWS-9
2023-08-04,17:06:18,LMCOMSOL,OUT,SERIAL,sabarish@GWS-9
2023-08-04,17:06:18,LMCOMSOL,OUT,COMSOLGUI,sabarish@GWS-9
2023-08-04,17:06:18,LMCOMSOL,OUT,COMSOL,sabarish@GWS-9
2023-08-04,17:06:18,LMCOMSOL,IN,SERIAL,sabarish@GWS-9
2023-08-04,17:06:18,LMCOMSOL,OUT,COMSOLUSER,sabarish@GWS-9
2023-08-04,17:06:18,LMCOMSOL,OUT,SERIAL,sabarish@GWS-9
2023-08-04,17:06:18,LMCOMSOL,OUT,COMSOLGUI,sabarish@GWS-9
2023-08-04,17:06:18,LMCOMSOL,OUT,COMSOL,sabarish@GWS-9
2023-08-04,17:06:18,LMCOMSOL,OUT,COMSOLUSER,sabarish@GWS-9
2023-08-04,17:06:19,LMCOMSOL,OUT,CFD,sabarish@GWS-9
2023-08-04,17:06:27,LMCOMSOL,IN,SERIAL,sabarish@GWS-9
2023-08-04,17:06:27,LMCOMSOL,IN,SERIAL,sabarish@GWS-9
2023-08-04,17:06:39,LMCOMSOL,OUT,SERIAL,sabarish@GWS-9
2023-08-04,17:06:39,LMCOMSOL,OUT,SERIAL,sabarish@GWS-9
2023-08-04,17:11:15,LMCOMSOL,OUT,CFD,sabarish@GWS-9
2023-08-04,17:13:36,LMCOMSOL,OUT,CFD,sabarish@GWS-9
2023-08-09,10:41:44,LMCOMSOL,IN,CFD,avijit@GWS-1
2023-08-09,10:41:44,LMCOMSOL,IN,CADIMPORTUSER,avijit@GWS-1
2023-08-09,10:41:44,LMCOMSOL,IN,ACDC,avijit@GWS-1
2023-08-09,10:41:44,LMCOMSOL,IN,CADIMPORT,avijit@GWS-1
2023-08-09,10:41:44,LMCOMSOL,IN,COMSOL,avijit@GWS-1
2023-08-09,10:41:44,LMCOMSOL,IN,COMSOLGUI,avijit@GWS-1
2023-08-09,10:41:44,LMCOMSOL,IN,SERIAL,avijit@GWS-1
2023-08-09,10:41:45,LMCOMSOL,OUT,SERIAL,avijit@GWS-1
2023-08-09,10:41:45,LMCOMSOL,IN,COMSOLUSER,avijit@GWS-1
2023-08-09,10:41:48,LMCOMSOL,IN,SERIAL,avijit@GWS-1
2023-08-09,10:42:22,LMCOMSOL,OUT,SERIAL,avijit@GWS-1
2023-08-09,10:42:22,LMCOMSOL,IN,SERIAL,avijit@GWS-1
2023-08-09,10:42:22,LMCOMSOL,OUT,SERIAL,avijit@GWS-1
2023-08-09,10:42:22,LMCOMSOL,IN,SERIAL,avijit@GWS-1
2023-08-09,10:42:22,LMCOMSOL,OUT,SERIAL,avijit@GWS-1
2023-08-09,10:42:22,LMCOMSOL,OUT,COMSOLGUI,avijit@GWS-1
2023-08-09,10:42:23,LMCOMSOL,OUT,COMSOL,avijit@GWS-1
2023-08-09,10:42:23,LMCOMSOL,OUT,COMSOLUSER,avijit@GWS-1
2023-08-09,10:42:41,LMCOMSOL,IN,SERIAL,avijit@GWS-1
2023-08-09,10:42:41,LMCOMSOL,OUT,SERIAL,avijit@GWS-1
2023-08-09,10:42:49,LMCOMSOL,OUT,CADIMPORTUSER,avijit@GWS-1
2023-08-09,10:42:49,LMCOMSOL,OUT,CADIMPORT,avijit@GWS-1
2023-08-09,10:43:09,LMCOMSOL,OUT,CFD,avijit@GWS-1
2023-08-09,10:43:09,LMCOMSOL,OUT,ACDC,avijit@GWS-1
2023-08-10,14:57:30,LMCOMSOL,OUT,SERIAL,sreeram@GWS-17
2023-08-10,14:57:30,LMCOMSOL,IN,SERIAL,sreeram@GWS-17
2023-08-10,14:57:30,LMCOMSOL,OUT,SERIAL,sreeram@GWS-17
2023-08-10,14:57:30,LMCOMSOL,IN,SERIAL,sreeram@GWS-17
2023-08-10,14:57:30,LMCOMSOL,OUT,SERIAL,sreeram@GWS-17
2023-08-10,14:57:30,LMCOMSOL,OUT,COMSOLGUI,sreeram@GWS-17
2023-08-10,14:57:30,LMCOMSOL,OUT,COMSOL,sreeram@GWS-17
2023-08-10,14:57:30,LMCOMSOL,OUT,COMSOLUSER,sreeram@GWS-17
2023-08-10,14:57:42,LMCOMSOL,IN,SERIAL,sreeram@GWS-17
2023-08-10,14:57:42,LMCOMSOL,OUT,SERIAL,sreeram@GWS-17
2023-08-10,14:57:54,LMCOMSOL,IN,COMSOL,sreeram@GWS-17
2023-08-10,14:57:54,LMCOMSOL,IN,COMSOLGUI,sreeram@GWS-17
2023-08-10,14:57:54,LMCOMSOL,IN,SERIAL,sreeram@GWS-17
2023-08-10,14:57:54,LMCOMSOL,OUT,SERIAL,sreeram@GWS-17
2023-08-10,14:57:54,LMCOMSOL,IN,COMSOLUSER,sreeram@GWS-17
2023-08-10,14:57:57,LMCOMSOL,IN,SERIAL,sreeram@GWS-17
2023-08-14,10:38:47,LMCOMSOL,OUT,SERIAL,sabarish@GWS-11
2023-08-14,10:38:47,LMCOMSOL,IN,SERIAL,sabarish@GWS-11
2023-08-14,10:38:47,LMCOMSOL,OUT,SERIAL,sabarish@GWS-11
2023-08-14,10:38:47,LMCOMSOL,IN,SERIAL,sabarish@GWS-11
2023-08-14,10:38:47,LMCOMSOL,OUT,SERIAL,sabarish@GWS-11
2023-08-14,10:38:47,LMCOMSOL,OUT,COMSOLGUI,sabarish@GWS-11
2023-08-14,10:38:47,LMCOMSOL,OUT,COMSOL,sabarish@GWS-11
2023-08-14,10:38:47,LMCOMSOL,OUT,COMSOLUSER,sabarish@GWS-11
2023-08-14,10:38:56,LMCOMSOL,IN,SERIAL,sabarish@GWS-11
2023-08-14,10:38:56,LMCOMSOL,OUT,SERIAL,sabarish@GWS-11
2023-08-14,10:39:21,LMCOMSOL,DENIED,CFD,sabarish@GWS-11
2023-08-14,10:39:22,LMCOMSOL,DENIED,CFD,sabarish@GWS-11
2023-08-14,10:39:22,LMCOMSOL,OUT,CORROSION,sabarish@GWS-11
2023-08-14,10:39:22,LMCOMSOL,DENIED,CFD,sabarish@GWS-11
2023-08-14,10:39:22,LMCOMSOL,DENIED,CFD,sabarish@GWS-11
2023-08-14,10:39:22,LMCOMSOL,DENIED,CFD,sabarish@GWS-11
2023-08-14,10:39:44,LMCOMSOL,IN,CORROSION,sabarish@GWS-11
2023-08-14,10:39:44,LMCOMSOL,IN,COMSOL,sabarish@GWS-11
2023-08-14,10:39:44,LMCOMSOL,IN,COMSOLGUI,sabarish@GWS-11
2023-08-14,10:39:44,LMCOMSOL,IN,SERIAL,sabarish@GWS-11
2023-08-14,10:39:44,LMCOMSOL,OUT,SERIAL,sabarish@GWS-11
2023-08-14,10:39:44,LMCOMSOL,IN,COMSOLUSER,sabarish@GWS-11
2023-08-14,10:39:47,LMCOMSOL,IN,SERIAL,sabarish@GWS-11
2023-08-14,10:44:27,LMCOMSOL,OUT,SERIAL,sourabh@GWS-11
2023-08-14,10:44:27,LMCOMSOL,IN,SERIAL,sourabh@GWS-11
2023-08-14,10:44:27,LMCOMSOL,OUT,SERIAL,sourabh@GWS-11
2023-08-14,10:44:27,LMCOMSOL,OUT,SERIAL,sourabh@GWS-11
2023-08-14,10:44:27,LMCOMSOL,IN,SERIAL,sourabh@GWS-11
2023-08-14,10:44:27,LMCOMSOL,OUT,SERIAL,sourabh@GWS-11
2023-08-14,10:44:27,LMCOMSOL,OUT,SERIAL,sourabh@GWS-11
2023-08-14,10:44:27,LMCOMSOL,IN,SERIAL,sourabh@GWS-11
2023-08-14,10:44:27,LMCOMSOL,OUT,SERIAL,sourabh@GWS-11
2023-08-14,10:44:27,LMCOMSOL,IN,SERIAL,sourabh@GWS-11
2023-08-14,10:44:27,LMCOMSOL,OUT,SERIAL,sourabh@GWS-11
2023-08-14,10:44:27,LMCOMSOL,OUT,COMSOLGUI,sourabh@GWS-11
2023-08-14,10:44:27,LMCOMSOL,OUT,COMSOL,sourabh@GWS-11
2023-08-14,10:44:27,LMCOMSOL,IN,SERIAL,sourabh@GWS-11
2023-08-14,10:44:27,LMCOMSOL,OUT,SERIAL,sourabh@GWS-11
2023-08-14,10:44:27,LMCOMSOL,OUT,COMSOLUSER,sourabh@GWS-11
2023-08-14,10:44:27,LMCOMSOL,OUT,COMSOLGUI,sourabh@GWS-11
2023-08-14,10:44:27,LMCOMSOL,OUT,COMSOL,sourabh@GWS-11
2023-08-14,10:44:27,LMCOMSOL,OUT,COMSOLUSER,sourabh@GWS-11
2023-08-14,10:44:28,LMCOMSOL,IN,SERIAL,sourabh@GWS-11
2023-08-14,10:44:28,LMCOMSOL,OUT,SERIAL,sourabh@GWS-11
2023-08-14,10:44:28,LMCOMSOL,OUT,COMSOLGUI,sourabh@GWS-11
2023-08-14,10:44:28,LMCOMSOL,OUT,COMSOL,sourabh@GWS-11
2023-08-14,10:44:28,LMCOMSOL,OUT,COMSOLUSER,sourabh@GWS-11
2023-08-14,10:44:35,LMCOMSOL,IN,SERIAL,sourabh@GWS-11
2023-08-14,10:44:35,LMCOMSOL,OUT,SERIAL,sourabh@GWS-11
2023-08-14,10:44:35,LMCOMSOL,IN,SERIAL,sourabh@GWS-11
2023-08-14,10:44:35,LMCOMSOL,OUT,SERIAL,sourabh@GWS-11
2023-08-14,10:44:35,LMCOMSOL,IN,SERIAL,sourabh@GWS-11
2023-08-14,10:44:35,LMCOMSOL,OUT,SERIAL,sourabh@GWS-11
2023-08-14,10:44:46,LMCOMSOL,DENIED,CFD,sourabh@GWS-11
2023-08-14,10:44:46,LMCOMSOL,DENIED,CFD,sourabh@GWS-11
2023-08-14,10:44:46,LMCOMSOL,DENIED,CFD,sourabh@GWS-11
2023-08-14,10:44:46,LMCOMSOL,DENIED,CFD,sourabh@GWS-11
2023-08-14,10:44:46,LMCOMSOL,OUT,CORROSION,sourabh@GWS-11
2023-08-14,10:44:46,LMCOMSOL,OUT,CORROSION,sourabh@GWS-11
2023-08-14,10:44:46,LMCOMSOL,DENIED,CFD,sourabh@GWS-11
2023-08-14,10:44:46,LMCOMSOL,DENIED,CFD,sourabh@GWS-11
2023-08-14,10:44:46,LMCOMSOL,DENIED,CFD,sourabh@GWS-11
2023-08-14,10:44:46,LMCOMSOL,DENIED,CFD,sourabh@GWS-11
2023-08-14,10:44:46,LMCOMSOL,DENIED,CFD,sourabh@GWS-11
2023-08-14,10:44:46,LMCOMSOL,DENIED,CFD,sourabh@GWS-11
2023-08-14,10:44:46,LMCOMSOL,DENIED,CFD,sourabh@GWS-11
2023-08-14,10:44:46,LMCOMSOL,DENIED,CFD,sourabh@GWS-11
2023-08-14,10:44:46,LMCOMSOL,OUT,CORROSION,sourabh@GWS-11
2023-08-14,10:44:46,LMCOMSOL,DENIED,CFD,sourabh@GWS-11
2023-08-14,10:44:47,LMCOMSOL,DENIED,CFD,sourabh@GWS-11
2023-08-14,10:44:47,LMCOMSOL,DENIED,CFD,sourabh@GWS-11
2023-08-14,10:45:12,LMCOMSOL,IN,CORROSION,sourabh@GWS-11
2023-08-14,10:45:12,LMCOMSOL,IN,COMSOL,sourabh@GWS-11
2023-08-14,10:45:12,LMCOMSOL,IN,COMSOLGUI,sourabh@GWS-11
2023-08-14,10:45:12,LMCOMSOL,IN,SERIAL,sourabh@GWS-11
2023-08-14,10:45:12,LMCOMSOL,OUT,SERIAL,sourabh@GWS-11
2023-08-14,10:45:12,LMCOMSOL,IN,COMSOLUSER,sourabh@GWS-11
2023-08-14,10:45:15,LMCOMSOL,IN,SERIAL,sourabh@GWS-11
2023-08-14,10:45:15,LMCOMSOL,IN,CORROSION,sourabh@GWS-11
2023-08-14,10:45:15,LMCOMSOL,IN,COMSOL,sourabh@GWS-11
2023-08-14,10:45:15,LMCOMSOL,IN,COMSOLGUI,sourabh@GWS-11
2023-08-14,10:45:15,LMCOMSOL,IN,SERIAL,sourabh@GWS-11
2023-08-14,10:45:15,LMCOMSOL,OUT,SERIAL,sourabh@GWS-11
2023-08-14,10:45:15,LMCOMSOL,IN,COMSOLUSER,sourabh@GWS-11
2023-08-14,10:45:17,LMCOMSOL,IN,CORROSION,sourabh@GWS-11
2023-08-14,10:45:17,LMCOMSOL,IN,COMSOL,sourabh@GWS-11
2023-08-14,10:45:17,LMCOMSOL,IN,COMSOLGUI,sourabh@GWS-11
2023-08-14,10:45:17,LMCOMSOL,IN,SERIAL,sourabh@GWS-11
2023-08-14,10:45:17,LMCOMSOL,OUT,SERIAL,sourabh@GWS-11
2023-08-14,10:45:17,LMCOMSOL,IN,COMSOLUSER,sourabh@GWS-11
2023-08-14,10:45:18,LMCOMSOL,IN,SERIAL,sourabh@GWS-11
2023-08-14,10:45:20,LMCOMSOL,IN,SERIAL,sourabh@GWS-11
2023-08-14,10:47:37,LMCOMSOL,IN,CFD,sabarish@GWS-9
2023-08-14,10:47:37,LMCOMSOL,IN,COMSOL,sabarish@GWS-9
2023-08-14,10:47:37,LMCOMSOL,IN,COMSOLGUI,sabarish@GWS-9
2023-08-14,10:47:37,LMCOMSOL,IN,SERIAL,sabarish@GWS-9
2023-08-14,10:47:49,LMCOMSOL,OUT,SERIAL,sabarish@GWS-9
2023-08-14,10:47:49,LMCOMSOL,IN,COMSOLUSER,sabarish@GWS-9
2023-08-14,10:47:52,LMCOMSOL,IN,SERIAL,sabarish@GWS-9
2023-08-14,10:48:06,LMCOMSOL,IN,CFD,sabarish@GWS-9
2023-08-14,10:48:06,LMCOMSOL,IN,COMSOL,sabarish@GWS-9
2023-08-14,10:48:06,LMCOMSOL,IN,COMSOLGUI,sabarish@GWS-9
2023-08-14,10:48:06,LMCOMSOL,IN,SERIAL,sabarish@GWS-9
2023-08-14,10:48:09,LMCOMSOL,IN,CFD,sabarish@GWS-9
2023-08-14,10:48:09,LMCOMSOL,IN,COMSOL,sabarish@GWS-9
2023-08-14,10:48:09,LMCOMSOL,IN,COMSOLGUI,sabarish@GWS-9
2023-08-14,10:48:09,LMCOMSOL,IN,SERIAL,sabarish@GWS-9
2023-08-14,10:48:18,LMCOMSOL,OUT,SERIAL,sabarish@GWS-9
2023-08-14,10:48:18,LMCOMSOL,OUT,SERIAL,sabarish@GWS-9
2023-08-14,10:48:18,LMCOMSOL,IN,COMSOLUSER,sabarish@GWS-9
2023-08-14,10:48:18,LMCOMSOL,IN,COMSOLUSER,sabarish@GWS-9
2023-08-14,10:48:21,LMCOMSOL,IN,SERIAL,sabarish@GWS-9
2023-08-14,10:48:21,LMCOMSOL,IN,SERIAL,sabarish@GWS-9
2023-08-14,10:49:49,LMCOMSOL,OUT,SERIAL,sabarish@GWS-11
2023-08-14,10:49:49,LMCOMSOL,IN,SERIAL,sabarish@GWS-11
2023-08-14,10:49:49,LMCOMSOL,OUT,SERIAL,sabarish@GWS-11
2023-08-14,10:49:49,LMCOMSOL,OUT,SERIAL,sabarish@GWS-11
2023-08-14,10:49:49,LMCOMSOL,IN,SERIAL,sabarish@GWS-11
2023-08-14,10:49:49,LMCOMSOL,IN,SERIAL,sabarish@GWS-11
2023-08-14,10:49:49,LMCOMSOL,OUT,SERIAL,sabarish@GWS-11
2023-08-14,10:49:49,LMCOMSOL,OUT,SERIAL,sabarish@GWS-11
2023-08-14,10:49:49,LMCOMSOL,OUT,SERIAL,sabarish@GWS-11
2023-08-14,10:49:49,LMCOMSOL,IN,SERIAL,sabarish@GWS-11
2023-08-14,10:49:49,LMCOMSOL,IN,SERIAL,sabarish@GWS-11
2023-08-14,10:49:49,LMCOMSOL,IN,SERIAL,sabarish@GWS-11
2023-08-14,10:49:49,LMCOMSOL,OUT,SERIAL,sabarish@GWS-11
2023-08-14,10:49:49,LMCOMSOL,OUT,SERIAL,sabarish@GWS-11
2023-08-14,10:49:49,LMCOMSOL,OUT,SERIAL,sabarish@GWS-11
2023-08-14,10:49:49,LMCOMSOL,OUT,COMSOLGUI,sabarish@GWS-11
2023-08-14,10:49:49,LMCOMSOL,OUT,COMSOLGUI,sabarish@GWS-11
2023-08-14,10:49:49,LMCOMSOL,OUT,COMSOLGUI,sabarish@GWS-11
2023-08-14,10:49:49,LMCOMSOL,OUT,COMSOL,sabarish@GWS-11
2023-08-14,10:49:49,LMCOMSOL,OUT,COMSOL,sabarish@GWS-11
2023-08-14,10:49:49,LMCOMSOL,OUT,COMSOL,sabarish@GWS-11
2023-08-14,10:49:49,LMCOMSOL,OUT,COMSOLUSER,sabarish@GWS-11
2023-08-14,10:49:49,LMCOMSOL,OUT,COMSOLUSER,sabarish@GWS-11
2023-08-14,10:49:49,LMCOMSOL,OUT,COMSOLUSER,sabarish@GWS-11
2023-08-14,10:49:56,LMCOMSOL,IN,SERIAL,sabarish@GWS-11
2023-08-14,10:49:56,LMCOMSOL,OUT,SERIAL,sabarish@GWS-11
2023-08-14,10:49:57,LMCOMSOL,IN,SERIAL,sabarish@GWS-11
2023-08-14,10:49:57,LMCOMSOL,IN,SERIAL,sabarish@GWS-11
2023-08-14,10:49:57,LMCOMSOL,OUT,SERIAL,sabarish@GWS-11
2023-08-14,10:49:57,LMCOMSOL,OUT,SERIAL,sabarish@GWS-11
2023-08-14,10:50:07,LMCOMSOL,OUT,CFD,sabarish@GWS-11
2023-08-14,10:50:08,LMCOMSOL,OUT,CFD,sabarish@GWS-11
2023-08-14,10:50:08,LMCOMSOL,OUT,CFD,sabarish@GWS-11
2023-08-14,10:51:01,LMCOMSOL,IN,CFD,sabarish@GWS-11
2023-08-14,10:51:01,LMCOMSOL,IN,COMSOL,sabarish@GWS-11
2023-08-14,10:51:01,LMCOMSOL,IN,COMSOLGUI,sabarish@GWS-11
2023-08-14,10:51:01,LMCOMSOL,IN,SERIAL,sabarish@GWS-11
2023-08-14,10:51:01,LMCOMSOL,OUT,SERIAL,sabarish@GWS-11
2023-08-14,10:51:01,LMCOMSOL,IN,COMSOLUSER,sabarish@GWS-11
2023-08-14,10:51:03,LMCOMSOL,IN,CFD,sabarish@GWS-11
2023-08-14,10:51:03,LMCOMSOL,IN,COMSOL,sabarish@GWS-11
2023-08-14,10:51:03,LMCOMSOL,IN,COMSOLGUI,sabarish@GWS-11
2023-08-14,10:51:03,LMCOMSOL,IN,SERIAL,sabarish@GWS-11
2023-08-14,10:51:03,LMCOMSOL,OUT,SERIAL,sabarish@GWS-11
2023-08-14,10:51:03,LMCOMSOL,IN,COMSOLUSER,sabarish@GWS-11
2023-08-14,10:51:04,LMCOMSOL,IN,SERIAL,sabarish@GWS-11
2023-08-14,10:51:05,LMCOMSOL,IN,CFD,sabarish@GWS-11
2023-08-14,10:51:05,LMCOMSOL,IN,COMSOL,sabarish@GWS-11
2023-08-14,10:51:05,LMCOMSOL,IN,COMSOLGUI,sabarish@GWS-11
2023-08-14,10:51:05,LMCOMSOL,IN,SERIAL,sabarish@GWS-11
2023-08-14,10:51:05,LMCOMSOL,OUT,SERIAL,sabarish@GWS-11
2023-08-14,10:51:05,LMCOMSOL,IN,COMSOLUSER,sabarish@GWS-11
2023-08-14,10:51:06,LMCOMSOL,IN,SERIAL,sabarish@GWS-11
2023-08-14,10:51:08,LMCOMSOL,IN,SERIAL,sabarish@GWS-11
2023-08-14,10:52:14,LMCOMSOL,OUT,SERIAL,sabarish@GWS-11
2023-08-14,10:52:14,LMCOMSOL,IN,SERIAL,sabarish@GWS-11
2023-08-14,10:52:14,LMCOMSOL,OUT,SERIAL,sabarish@GWS-11
2023-08-14,10:52:14,LMCOMSOL,OUT,SERIAL,sabarish@GWS-11
2023-08-14,10:52:14,LMCOMSOL,IN,SERIAL,sabarish@GWS-11
2023-08-14,10:52:14,LMCOMSOL,OUT,SERIAL,sabarish@GWS-11
2023-08-14,10:52:14,LMCOMSOL,OUT,SERIAL,sabarish@GWS-11
2023-08-14,10:52:14,LMCOMSOL,IN,SERIAL,sabarish@GWS-11
2023-08-14,10:52:14,LMCOMSOL,OUT,SERIAL,sabarish@GWS-11
2023-08-14,10:52:15,LMCOMSOL,IN,SERIAL,sabarish@GWS-11
2023-08-14,10:52:15,LMCOMSOL,OUT,SERIAL,sabarish@GWS-11
2023-08-14,10:52:15,LMCOMSOL,OUT,COMSOLGUI,sabarish@GWS-11
2023-08-14,10:52:15,LMCOMSOL,IN,SERIAL,sabarish@GWS-11
2023-08-14,10:52:15,LMCOMSOL,OUT,COMSOL,sabarish@GWS-11
2023-08-14,10:52:15,LMCOMSOL,OUT,SERIAL,sabarish@GWS-11
2023-08-14,10:52:15,LMCOMSOL,OUT,COMSOLUSER,sabarish@GWS-11
2023-08-14,10:52:15,LMCOMSOL,OUT,COMSOLGUI,sabarish@GWS-11
2023-08-14,10:52:15,LMCOMSOL,OUT,COMSOL,sabarish@GWS-11
2023-08-14,10:52:15,LMCOMSOL,OUT,COMSOLUSER,sabarish@GWS-11
2023-08-14,10:52:15,LMCOMSOL,IN,SERIAL,sabarish@GWS-11
2023-08-14,10:52:15,LMCOMSOL,OUT,SERIAL,sabarish@GWS-11
2023-08-14,10:52:15,LMCOMSOL,OUT,COMSOLGUI,sabarish@GWS-11
2023-08-14,10:52:15,LMCOMSOL,OUT,COMSOL,sabarish@GWS-11
2023-08-14,10:52:15,LMCOMSOL,OUT,COMSOLUSER,sabarish@GWS-11
2023-08-14,10:52:22,LMCOMSOL,IN,SERIAL,sabarish@GWS-11
2023-08-14,10:52:22,LMCOMSOL,OUT,SERIAL,sabarish@GWS-11
2023-08-14,10:52:22,LMCOMSOL,IN,SERIAL,sabarish@GWS-11
2023-08-14,10:52:22,LMCOMSOL,IN,SERIAL,sabarish@GWS-11
2023-08-14,10:52:22,LMCOMSOL,OUT,SERIAL,sabarish@GWS-11
2023-08-14,10:52:22,LMCOMSOL,OUT,SERIAL,sabarish@GWS-11
2023-08-14,10:52:32,LMCOMSOL,OUT,CFD,sabarish@GWS-11
2023-08-14,10:52:33,LMCOMSOL,OUT,CFD,sabarish@GWS-11
2023-08-14,10:52:34,LMCOMSOL,OUT,CFD,sabarish@GWS-11
2023-08-14,10:59:06,LMCOMSOL,OUT,SERIAL,sabarish@GWS-11
2023-08-14,10:59:06,LMCOMSOL,IN,SERIAL,sabarish@GWS-11
2023-08-14,10:59:06,LMCOMSOL,OUT,SERIAL,sabarish@GWS-11
2023-08-14,10:59:06,LMCOMSOL,IN,SERIAL,sabarish@GWS-11
2023-08-14,10:59:06,LMCOMSOL,OUT,SERIAL,sabarish@GWS-11
2023-08-14,10:59:06,LMCOMSOL,OUT,COMSOLGUI,sabarish@GWS-11
2023-08-14,10:59:06,LMCOMSOL,OUT,COMSOL,sabarish@GWS-11
2023-08-14,10:59:06,LMCOMSOL,OUT,COMSOLUSER,sabarish@GWS-11
2023-08-14,10:59:14,LMCOMSOL,IN,SERIAL,sabarish@GWS-11
2023-08-14,10:59:14,LMCOMSOL,OUT,SERIAL,sabarish@GWS-11
2023-08-14,11:00:01,LMCOMSOL,OUT,CFD,sabarish@GWS-11
2023-08-14,15:24:08,LMCOMSOL,IN,CADIMPORTUSER,avijit@GWS-1
2023-08-14,15:24:08,LMCOMSOL,IN,ACDC,avijit@GWS-1
2023-08-14,15:24:08,LMCOMSOL,IN,CFD,avijit@GWS-1
2023-08-14,15:24:08,LMCOMSOL,IN,CADIMPORT,avijit@GWS-1
2023-08-14,15:24:09,LMCOMSOL,IN,COMSOL,avijit@GWS-1
2023-08-14,15:24:09,LMCOMSOL,IN,COMSOLGUI,avijit@GWS-1
2023-08-14,15:24:09,LMCOMSOL,IN,SERIAL,avijit@GWS-1
2023-08-14,15:24:09,LMCOMSOL,OUT,SERIAL,avijit@GWS-1
2023-08-14,15:24:09,LMCOMSOL,IN,COMSOLUSER,avijit@GWS-1
2023-08-14,15:24:12,LMCOMSOL,IN,SERIAL,avijit@GWS-1
2023-08-14,15:24:36,LMCOMSOL,OUT,SERIAL,avijit@GWS-1
2023-08-14,15:24:36,LMCOMSOL,IN,SERIAL,avijit@GWS-1
2023-08-14,15:24:36,LMCOMSOL,OUT,SERIAL,avijit@GWS-1
2023-08-14,15:24:37,LMCOMSOL,IN,SERIAL,avijit@GWS-1
2023-08-14,15:24:37,LMCOMSOL,OUT,SERIAL,avijit@GWS-1
2023-08-14,15:24:37,LMCOMSOL,OUT,COMSOLGUI,avijit@GWS-1
2023-08-14,15:24:37,LMCOMSOL,OUT,COMSOL,avijit@GWS-1
2023-08-14,15:24:37,LMCOMSOL,OUT,COMSOLUSER,avijit@GWS-1
2023-08-14,15:24:56,LMCOMSOL,IN,SERIAL,avijit@GWS-1
2023-08-14,15:24:56,LMCOMSOL,OUT,SERIAL,avijit@GWS-1
2023-08-14,15:25:04,LMCOMSOL,OUT,CADIMPORTUSER,avijit@GWS-1
2023-08-14,15:25:04,LMCOMSOL,OUT,CADIMPORT,avijit@GWS-1
2023-08-14,15:25:05,LMCOMSOL,OUT,SERIAL,avijit@GWS-1
2023-08-14,15:25:05,LMCOMSOL,IN,SERIAL,avijit@GWS-1
2023-08-14,15:25:05,LMCOMSOL,OUT,SERIAL,avijit@GWS-1
2023-08-14,15:25:05,LMCOMSOL,IN,SERIAL,avijit@GWS-1
2023-08-14,15:25:05,LMCOMSOL,OUT,SERIAL,avijit@GWS-1
2023-08-14,15:25:05,LMCOMSOL,OUT,COMSOLGUI,avijit@GWS-1
2023-08-14,15:25:05,LMCOMSOL,OUT,COMSOL,avijit@GWS-1
2023-08-14,15:25:05,LMCOMSOL,OUT,COMSOLUSER,avijit@GWS-1
2023-08-14,15:25:23,LMCOMSOL,IN,SERIAL,avijit@GWS-1
2023-08-14,15:25:23,LMCOMSOL,OUT,SERIAL,avijit@GWS-1
2023-08-14,15:25:34,LMCOMSOL,OUT,CFD,avijit@GWS-1
2023-08-14,15:25:34,LMCOMSOL,OUT,ACDC,avijit@GWS-1
2023-08-14,15:25:48,LMCOMSOL,IN,COMSOL,avijit@GWS-1
2023-08-14,15:25:48,LMCOMSOL,IN,COMSOLGUI,avijit@GWS-1
2023-08-14,15:25:48,LMCOMSOL,IN,SERIAL,avijit@GWS-1
2023-08-14,15:25:48,LMCOMSOL,OUT,SERIAL,avijit@GWS-1
2023-08-14,15:25:48,LMCOMSOL,IN,COMSOLUSER,avijit@GWS-1
2023-08-14,15:25:51,LMCOMSOL,IN,SERIAL,avijit@GWS-1
2023-08-16,10:57:15,LMCOMSOL,IN,ACDC,avijit@GWS-1
2023-08-16,10:57:15,LMCOMSOL,IN,CADIMPORT,avijit@GWS-1
2023-08-16,10:57:15,LMCOMSOL,IN,CADIMPORTUSER,avijit@GWS-1
2023-08-16,10:57:15,LMCOMSOL,IN,CFD,avijit@GWS-1
2023-08-16,10:57:15,LMCOMSOL,IN,COMSOL,avijit@GWS-1
2023-08-16,10:57:15,LMCOMSOL,IN,COMSOLGUI,avijit@GWS-1
2023-08-16,10:57:15,LMCOMSOL,IN,SERIAL,avijit@GWS-1
2023-08-16,10:57:15,LMCOMSOL,OUT,SERIAL,avijit@GWS-1
2023-08-16,10:57:15,LMCOMSOL,IN,COMSOLUSER,avijit@GWS-1
2023-08-16,10:57:18,LMCOMSOL,IN,SERIAL,avijit@GWS-1
2023-08-17,16:42:11,LMCOMSOL,IN,SERIAL,sabarish@GWS-11
2023-08-17,16:42:11,LMCOMSOL,IN,COMSOL,sabarish@GWS-11
2023-08-17,16:42:11,LMCOMSOL,IN,COMSOLGUI,sabarish@GWS-11
2023-08-17,16:42:12,LMCOMSOL,IN,SERIAL,sabarish@GWS-11
2023-08-17,16:42:12,LMCOMSOL,IN,CFD,sabarish@GWS-11
2023-08-17,16:42:12,LMCOMSOL,IN,COMSOL,sabarish@GWS-11
2023-08-17,16:42:12,LMCOMSOL,IN,COMSOLUSER,sabarish@GWS-11
2023-08-17,16:42:12,LMCOMSOL,IN,COMSOL,sabarish@GWS-11
2023-08-17,16:42:12,LMCOMSOL,IN,COMSOLGUI,sabarish@GWS-11
2023-08-17,16:42:12,LMCOMSOL,IN,SERIAL,sabarish@GWS-11
2023-08-17,16:42:12,LMCOMSOL,IN,COMSOLGUI,sabarish@GWS-11
2023-08-17,16:42:12,LMCOMSOL,IN,CFD,sabarish@GWS-11
2023-08-17,16:42:12,LMCOMSOL,IN,CFD,sabarish@GWS-11
2023-08-17,16:42:12,LMCOMSOL,IN,COMSOLUSER,sabarish@GWS-11
2023-08-17,16:42:12,LMCOMSOL,IN,COMSOLUSER,sabarish@GWS-11
2023-08-18,14:49:00,LMCOMSOL,OUT,SERIAL,sabarish@GWS-11
2023-08-18,14:49:00,LMCOMSOL,IN,SERIAL,sabarish@GWS-11
2023-08-18,14:49:00,LMCOMSOL,OUT,SERIAL,sabarish@GWS-11
2023-08-18,14:49:00,LMCOMSOL,IN,SERIAL,sabarish@GWS-11
2023-08-18,14:49:00,LMCOMSOL,OUT,SERIAL,sabarish@GWS-11
2023-08-18,14:49:00,LMCOMSOL,OUT,COMSOLGUI,sabarish@GWS-11
2023-08-18,14:49:00,LMCOMSOL,OUT,COMSOL,sabarish@GWS-11
2023-08-18,14:49:00,LMCOMSOL,OUT,COMSOLUSER,sabarish@GWS-11
2023-08-18,14:49:02,LMCOMSOL,OUT,SERIAL,sabarish@GWS-11
2023-08-18,14:49:02,LMCOMSOL,IN,SERIAL,sabarish@GWS-11
2023-08-18,14:49:02,LMCOMSOL,OUT,SERIAL,sabarish@GWS-11
2023-08-18,14:49:03,LMCOMSOL,IN,SERIAL,sabarish@GWS-11
2023-08-18,14:49:03,LMCOMSOL,OUT,SERIAL,sabarish@GWS-11
2023-08-18,14:49:03,LMCOMSOL,OUT,COMSOLGUI,sabarish@GWS-11
2023-08-18,14:49:03,LMCOMSOL,OUT,COMSOL,sabarish@GWS-11
2023-08-18,14:49:03,LMCOMSOL,OUT,COMSOLUSER,sabarish@GWS-11
2023-08-18,14:49:08,LMCOMSOL,IN,SERIAL,sabarish@GWS-11
2023-08-18,14:49:08,LMCOMSOL,OUT,SERIAL,sabarish@GWS-11
2023-08-18,14:49:09,LMCOMSOL,IN,SERIAL,sabarish@GWS-11
2023-08-18,14:49:09,LMCOMSOL,OUT,SERIAL,sabarish@GWS-11
2023-08-18,14:49:28,LMCOMSOL,OUT,CFD,sabarish@GWS-11
2023-08-18,14:49:29,LMCOMSOL,OUT,CFD,sabarish@GWS-11
2023-08-18,14:51:41,LMCOMSOL,IN,CFD,sabarish@GWS-11
2023-08-18,14:51:41,LMCOMSOL,IN,COMSOL,sabarish@GWS-11
2023-08-18,14:51:41,LMCOMSOL,IN,COMSOLGUI,sabarish@GWS-11
2023-08-18,14:51:41,LMCOMSOL,IN,SERIAL,sabarish@GWS-11
2023-08-18,14:51:41,LMCOMSOL,OUT,SERIAL,sabarish@GWS-11
2023-08-18,14:51:41,LMCOMSOL,IN,COMSOLUSER,sabarish@GWS-11
2023-08-18,14:51:44,LMCOMSOL,IN,SERIAL,sabarish@GWS-11
2023-08-18,14:59:59,LMCOMSOL,IN,CFD,sabarish@GWS-11
2023-08-18,14:59:59,LMCOMSOL,OUT,CFD,sabarish@GWS-11
2023-08-18,15:00:17,LMCOMSOL,OUT,SERIAL,sabarish@GWS-11
2023-08-18,15:00:17,LMCOMSOL,IN,SERIAL,sabarish@GWS-11
2023-08-18,15:00:17,LMCOMSOL,OUT,SERIAL,sabarish@GWS-11
2023-08-18,15:00:17,LMCOMSOL,IN,SERIAL,sabarish@GWS-11
2023-08-18,15:00:17,LMCOMSOL,OUT,SERIAL,sabarish@GWS-11
2023-08-18,15:00:17,LMCOMSOL,OUT,COMSOLGUI,sabarish@GWS-11
2023-08-18,15:00:18,LMCOMSOL,OUT,COMSOL,sabarish@GWS-11
2023-08-18,15:00:18,LMCOMSOL,OUT,COMSOLUSER,sabarish@GWS-11
2023-08-18,15:00:22,LMCOMSOL,OUT,SERIAL,sabarish@GWS-11
2023-08-18,15:00:22,LMCOMSOL,IN,SERIAL,sabarish@GWS-11
2023-08-18,15:00:22,LMCOMSOL,OUT,SERIAL,sabarish@GWS-11
2023-08-18,15:00:22,LMCOMSOL,IN,SERIAL,sabarish@GWS-11
2023-08-18,15:00:22,LMCOMSOL,OUT,SERIAL,sabarish@GWS-11
2023-08-18,15:00:22,LMCOMSOL,OUT,COMSOLGUI,sabarish@GWS-11
2023-08-18,15:00:22,LMCOMSOL,OUT,COMSOL,sabarish@GWS-11
2023-08-18,15:00:23,LMCOMSOL,OUT,COMSOLUSER,sabarish@GWS-11
2023-08-18,15:00:24,LMCOMSOL,IN,SERIAL,sabarish@GWS-11
2023-08-18,15:00:24,LMCOMSOL,OUT,SERIAL,sabarish@GWS-11
2023-08-18,15:00:29,LMCOMSOL,IN,SERIAL,sabarish@GWS-11
2023-08-18,15:00:29,LMCOMSOL,OUT,SERIAL,sabarish@GWS-11
2023-08-18,15:00:37,LMCOMSOL,OUT,CFD,sabarish@GWS-11
2023-08-18,15:05:08,LMCOMSOL,OUT,CFD,sabarish@GWS-11
2023-08-18,15:24:26,LMCOMSOL,OUT,PARTICLETRACING,sabarish@GWS-11
2023-08-18,15:32:26,LMCOMSOL,IN,CFD,sabarish@GWS-11
2023-08-18,15:32:27,LMCOMSOL,IN,COMSOL,sabarish@GWS-11
2023-08-18,15:32:27,LMCOMSOL,IN,COMSOLGUI,sabarish@GWS-11
2023-08-18,15:32:27,LMCOMSOL,IN,SERIAL,sabarish@GWS-11
2023-08-18,15:32:27,LMCOMSOL,OUT,SERIAL,sabarish@GWS-11
2023-08-18,15:32:27,LMCOMSOL,IN,COMSOLUSER,sabarish@GWS-11
2023-08-18,15:32:29,LMCOMSOL,IN,SERIAL,sabarish@GWS-11
2023-08-18,15:32:48,LMCOMSOL,OUT,SERIAL,sabarish@GWS-11
2023-08-18,15:32:48,LMCOMSOL,IN,SERIAL,sabarish@GWS-11
2023-08-18,15:32:48,LMCOMSOL,OUT,SERIAL,sabarish@GWS-11
2023-08-18,15:32:48,LMCOMSOL,IN,SERIAL,sabarish@GWS-11
2023-08-18,15:32:48,LMCOMSOL,OUT,SERIAL,sabarish@GWS-11
2023-08-18,15:32:48,LMCOMSOL,OUT,COMSOLGUI,sabarish@GWS-11
2023-08-18,15:32:48,LMCOMSOL,OUT,COMSOL,sabarish@GWS-11
2023-08-18,15:32:48,LMCOMSOL,OUT,COMSOLUSER,sabarish@GWS-11
2023-08-18,15:32:55,LMCOMSOL,IN,SERIAL,sabarish@GWS-11
2023-08-18,15:32:55,LMCOMSOL,OUT,SERIAL,sabarish@GWS-11
2023-08-18,15:37:42,LMCOMSOL,IN,COMSOL,sabarish@GWS-11
2023-08-18,15:37:42,LMCOMSOL,IN,COMSOLGUI,sabarish@GWS-11
2023-08-18,15:37:42,LMCOMSOL,IN,SERIAL,sabarish@GWS-11
2023-08-18,15:37:42,LMCOMSOL,OUT,SERIAL,sabarish@GWS-11
2023-08-18,15:37:42,LMCOMSOL,IN,COMSOLUSER,sabarish@GWS-11
2023-08-18,15:37:44,LMCOMSOL,IN,SERIAL,sabarish@GWS-11
2023-08-18,15:37:57,LMCOMSOL,OUT,SERIAL,sabarish@GWS-11
2023-08-18,15:37:57,LMCOMSOL,IN,SERIAL,sabarish@GWS-11
2023-08-18,15:37:57,LMCOMSOL,OUT,SERIAL,sabarish@GWS-11
2023-08-18,15:37:58,LMCOMSOL,IN,SERIAL,sabarish@GWS-11
2023-08-18,15:37:58,LMCOMSOL,OUT,SERIAL,sabarish@GWS-11
2023-08-18,15:37:58,LMCOMSOL,OUT,COMSOLGUI,sabarish@GWS-11
2023-08-18,15:37:58,LMCOMSOL,OUT,COMSOL,sabarish@GWS-11
2023-08-18,15:37:58,LMCOMSOL,OUT,COMSOLUSER,sabarish@GWS-11
2023-08-18,15:38:05,LMCOMSOL,IN,SERIAL,sabarish@GWS-11
2023-08-18,15:38:05,LMCOMSOL,OUT,SERIAL,sabarish@GWS-11
2023-08-18,16:05:45,LMCOMSOL,OUT,SERIAL,sabarish@GWS-11
2023-08-18,16:05:45,LMCOMSOL,IN,SERIAL,sabarish@GWS-11
2023-08-18,16:05:45,LMCOMSOL,OUT,SERIAL,sabarish@GWS-11
2023-08-18,16:05:45,LMCOMSOL,IN,SERIAL,sabarish@GWS-11
2023-08-18,16:05:46,LMCOMSOL,OUT,SERIAL,sabarish@GWS-11
2023-08-18,16:05:46,LMCOMSOL,OUT,COMSOLGUI,sabarish@GWS-11
2023-08-18,16:05:46,LMCOMSOL,OUT,COMSOL,sabarish@GWS-11
2023-08-18,16:05:46,LMCOMSOL,OUT,COMSOLUSER,sabarish@GWS-11
2023-08-18,16:05:53,LMCOMSOL,IN,SERIAL,sabarish@GWS-11
2023-08-18,16:05:53,LMCOMSOL,OUT,SERIAL,sabarish@GWS-11
2023-08-18,16:06:02,LMCOMSOL,OUT,CFD,sabarish@GWS-11
2023-08-18,16:16:46,LMCOMSOL,IN,COMSOL,sabarish@GWS-11
2023-08-18,16:16:46,LMCOMSOL,IN,COMSOLGUI,sabarish@GWS-11
2023-08-18,16:16:46,LMCOMSOL,IN,SERIAL,sabarish@GWS-11
2023-08-18,16:16:46,LMCOMSOL,OUT,SERIAL,sabarish@GWS-11
2023-08-18,16:16:46,LMCOMSOL,IN,COMSOLUSER,sabarish@GWS-11
2023-08-18,16:16:49,LMCOMSOL,IN,SERIAL,sabarish@GWS-11
2023-08-18,16:22:24,LMCOMSOL,IN,PARTICLETRACING,sabarish@GWS-11
2023-08-18,16:22:24,LMCOMSOL,IN,CFD,sabarish@GWS-11
2023-08-18,16:22:25,LMCOMSOL,IN,COMSOL,sabarish@GWS-11
2023-08-18,16:22:25,LMCOMSOL,IN,COMSOLGUI,sabarish@GWS-11
2023-08-18,16:22:25,LMCOMSOL,IN,SERIAL,sabarish@GWS-11
2023-08-18,16:22:25,LMCOMSOL,OUT,SERIAL,sabarish@GWS-11
2023-08-18,16:22:25,LMCOMSOL,IN,COMSOLUSER,sabarish@GWS-11
2023-08-18,16:22:28,LMCOMSOL,IN,SERIAL,sabarish@GWS-11
2023-08-18,16:22:37,LMCOMSOL,IN,CFD,sabarish@GWS-11
2023-08-18,16:22:37,LMCOMSOL,IN,COMSOL,sabarish@GWS-11
2023-08-18,16:22:37,LMCOMSOL,IN,COMSOLGUI,sabarish@GWS-11
2023-08-18,16:22:37,LMCOMSOL,IN,SERIAL,sabarish@GWS-11
2023-08-18,16:22:37,LMCOMSOL,OUT,SERIAL,sabarish@GWS-11
2023-08-18,16:22:37,LMCOMSOL,IN,COMSOLUSER,sabarish@GWS-11
2023-08-18,16:22:40,LMCOMSOL,IN,SERIAL,sabarish@GWS-11
2023-08-18,16:23:48,LMCOMSOL,OUT,SERIAL,sabarish@GWS-11
2023-08-18,16:23:48,LMCOMSOL,IN,SERIAL,sabarish@GWS-11
2023-08-18,16:23:48,LMCOMSOL,OUT,SERIAL,sabarish@GWS-11
2023-08-18,16:23:48,LMCOMSOL,IN,SERIAL,sabarish@GWS-11
2023-08-18,16:23:49,LMCOMSOL,OUT,SERIAL,sabarish@GWS-11
2023-08-18,16:23:49,LMCOMSOL,OUT,COMSOLGUI,sabarish@GWS-11
2023-08-18,16:23:49,LMCOMSOL,OUT,COMSOL,sabarish@GWS-11
2023-08-18,16:23:49,LMCOMSOL,OUT,COMSOLUSER,sabarish@GWS-11
2023-08-18,16:23:55,LMCOMSOL,IN,SERIAL,sabarish@GWS-11
2023-08-18,16:23:55,LMCOMSOL,OUT,SERIAL,sabarish@GWS-11
2023-08-18,16:24:17,LMCOMSOL,OUT,CFD,sabarish@GWS-11
2023-08-18,16:24:47,LMCOMSOL,IN,CFD,sabarish@GWS-11
2023-08-18,16:24:48,LMCOMSOL,IN,COMSOL,sabarish@GWS-11
2023-08-18,16:24:48,LMCOMSOL,IN,COMSOLGUI,sabarish@GWS-11
2023-08-18,16:24:48,LMCOMSOL,IN,SERIAL,sabarish@GWS-11
2023-08-18,16:24:48,LMCOMSOL,OUT,SERIAL,sabarish@GWS-11
2023-08-18,16:24:48,LMCOMSOL,IN,COMSOLUSER,sabarish@GWS-11
2023-08-18,16:24:50,LMCOMSOL,IN,SERIAL,sabarish@GWS-11
2023-08-18,16:25:18,LMCOMSOL,OUT,SERIAL,sabarish@GWS-11
2023-08-18,16:25:18,LMCOMSOL,IN,SERIAL,sabarish@GWS-11
2023-08-18,16:25:18,LMCOMSOL,OUT,SERIAL,sabarish@GWS-11
2023-08-18,16:25:18,LMCOMSOL,IN,SERIAL,sabarish@GWS-11
2023-08-18,16:25:18,LMCOMSOL,OUT,SERIAL,sabarish@GWS-11
2023-08-18,16:25:18,LMCOMSOL,OUT,COMSOLGUI,sabarish@GWS-11
2023-08-18,16:25:18,LMCOMSOL,OUT,COMSOL,sabarish@GWS-11
2023-08-18,16:25:18,LMCOMSOL,OUT,COMSOLUSER,sabarish@GWS-11
2023-08-18,16:25:25,LMCOMSOL,IN,SERIAL,sabarish@GWS-11
2023-08-18,16:25:25,LMCOMSOL,OUT,SERIAL,sabarish@GWS-11
2023-08-18,16:25:35,LMCOMSOL,OUT,CFD,sabarish@GWS-11
2023-08-18,16:25:51,LMCOMSOL,IN,CFD,sabarish@GWS-11
2023-08-18,16:25:51,LMCOMSOL,IN,COMSOL,sabarish@GWS-11
2023-08-18,16:25:51,LMCOMSOL,IN,COMSOLGUI,sabarish@GWS-11
2023-08-18,16:25:51,LMCOMSOL,IN,SERIAL,sabarish@GWS-11
2023-08-18,16:25:51,LMCOMSOL,OUT,SERIAL,sabarish@GWS-11
2023-08-18,16:25:51,LMCOMSOL,IN,COMSOLUSER,sabarish@GWS-11
2023-08-18,16:25:53,LMCOMSOL,IN,SERIAL,sabarish@GWS-11
2023-08-18,16:26:18,LMCOMSOL,OUT,SERIAL,sabarish@GWS-11
2023-08-18,16:26:18,LMCOMSOL,IN,SERIAL,sabarish@GWS-11
2023-08-18,16:26:18,LMCOMSOL,OUT,SERIAL,sabarish@GWS-11
2023-08-18,16:26:18,LMCOMSOL,IN,SERIAL,sabarish@GWS-11
2023-08-18,16:26:18,LMCOMSOL,OUT,SERIAL,sabarish@GWS-11
2023-08-18,16:26:18,LMCOMSOL,OUT,COMSOLGUI,sabarish@GWS-11
2023-08-18,16:26:18,LMCOMSOL,OUT,COMSOL,sabarish@GWS-11
2023-08-18,16:26:18,LMCOMSOL,OUT,COMSOLUSER,sabarish@GWS-11
2023-08-18,16:26:25,LMCOMSOL,IN,SERIAL,sabarish@GWS-11
2023-08-18,16:26:25,LMCOMSOL,OUT,SERIAL,sabarish@GWS-11
2023-08-18,16:26:33,LMCOMSOL,OUT,CFD,sabarish@GWS-11
2023-08-18,16:26:47,LMCOMSOL,IN,CFD,sabarish@GWS-11
2023-08-18,16:26:47,LMCOMSOL,IN,COMSOL,sabarish@GWS-11
2023-08-18,16:26:47,LMCOMSOL,IN,COMSOLGUI,sabarish@GWS-11
2023-08-18,16:26:47,LMCOMSOL,IN,SERIAL,sabarish@GWS-11
2023-08-18,16:26:47,LMCOMSOL,OUT,SERIAL,sabarish@GWS-11
2023-08-18,16:26:47,LMCOMSOL,IN,COMSOLUSER,sabarish@GWS-11
2023-08-18,16:26:50,LMCOMSOL,IN,SERIAL,sabarish@GWS-11
2023-08-22,12:33:24,LMCOMSOL,OUT,SERIAL,apoongs@GWS-10
2023-08-22,12:33:24,LMCOMSOL,IN,SERIAL,apoongs@GWS-10
2023-08-22,12:33:24,LMCOMSOL,OUT,SERIAL,apoongs@GWS-10
2023-08-22,12:33:25,LMCOMSOL,IN,SERIAL,apoongs@GWS-10
2023-08-22,12:33:25,LMCOMSOL,OUT,SERIAL,apoongs@GWS-10
2023-08-22,12:33:25,LMCOMSOL,OUT,COMSOLGUI,apoongs@GWS-10
2023-08-22,12:33:25,LMCOMSOL,OUT,COMSOL,apoongs@GWS-10
2023-08-22,12:33:25,LMCOMSOL,OUT,COMSOLUSER,apoongs@GWS-10
2023-08-22,12:33:31,LMCOMSOL,IN,SERIAL,apoongs@GWS-10
2023-08-22,12:33:31,LMCOMSOL,OUT,SERIAL,apoongs@GWS-10
2023-08-22,12:35:01,LMCOMSOL,OUT,CORROSION,apoongs@GWS-10
2023-08-22,12:38:53,LMCOMSOL,IN,CORROSION,apoongs@GWS-10
2023-08-22,12:38:53,LMCOMSOL,OUT,CORROSION,apoongs@GWS-10
2023-08-22,12:39:02,LMCOMSOL,IN,CORROSION,apoongs@GWS-10
2023-08-22,12:39:02,LMCOMSOL,IN,COMSOL,apoongs@GWS-10
2023-08-22,12:39:02,LMCOMSOL,IN,COMSOLGUI,apoongs@GWS-10
2023-08-22,12:39:02,LMCOMSOL,IN,SERIAL,apoongs@GWS-10
2023-08-22,12:39:02,LMCOMSOL,OUT,SERIAL,apoongs@GWS-10
2023-08-22,12:39:02,LMCOMSOL,IN,COMSOLUSER,apoongs@GWS-10
2023-08-22,12:39:05,LMCOMSOL,IN,SERIAL,apoongs@GWS-10
2023-08-22,12:39:12,LMCOMSOL,OUT,SERIAL,apoongs@GWS-10
2023-08-22,12:39:12,LMCOMSOL,IN,SERIAL,apoongs@GWS-10
2023-08-22,12:39:12,LMCOMSOL,OUT,SERIAL,apoongs@GWS-10
2023-08-22,12:39:13,LMCOMSOL,IN,SERIAL,apoongs@GWS-10
2023-08-22,12:39:13,LMCOMSOL,OUT,SERIAL,apoongs@GWS-10
2023-08-22,12:39:13,LMCOMSOL,OUT,COMSOLGUI,apoongs@GWS-10
2023-08-22,12:39:13,LMCOMSOL,OUT,COMSOL,apoongs@GWS-10
2023-08-22,12:39:13,LMCOMSOL,OUT,COMSOLUSER,apoongs@GWS-10
2023-08-22,12:39:19,LMCOMSOL,IN,SERIAL,apoongs@GWS-10
2023-08-22,12:39:19,LMCOMSOL,OUT,SERIAL,apoongs@GWS-10
2023-08-22,12:40:47,LMCOMSOL,OUT,CORROSION,apoongs@GWS-10
2023-08-22,12:47:29,LMCOMSOL,IN,CORROSION,apoongs@GWS-10
2023-08-22,12:47:29,LMCOMSOL,IN,COMSOL,apoongs@GWS-10
2023-08-22,12:47:29,LMCOMSOL,IN,COMSOLGUI,apoongs@GWS-10
2023-08-22,12:47:29,LMCOMSOL,IN,SERIAL,apoongs@GWS-10
2023-08-22,12:47:29,LMCOMSOL,OUT,SERIAL,apoongs@GWS-10
2023-08-22,12:47:29,LMCOMSOL,IN,COMSOLUSER,apoongs@GWS-10
2023-08-22,12:47:32,LMCOMSOL,IN,SERIAL,apoongs@GWS-10
2023-08-22,12:47:39,LMCOMSOL,OUT,SERIAL,apoongs@GWS-10
2023-08-22,12:47:39,LMCOMSOL,IN,SERIAL,apoongs@GWS-10
2023-08-22,12:47:39,LMCOMSOL,OUT,SERIAL,apoongs@GWS-10
2023-08-22,12:47:39,LMCOMSOL,IN,SERIAL,apoongs@GWS-10
2023-08-22,12:47:39,LMCOMSOL,OUT,SERIAL,apoongs@GWS-10
2023-08-22,12:47:39,LMCOMSOL,OUT,COMSOLGUI,apoongs@GWS-10
2023-08-22,12:47:39,LMCOMSOL,OUT,COMSOL,apoongs@GWS-10
2023-08-22,12:47:39,LMCOMSOL,OUT,COMSOLUSER,apoongs@GWS-10
2023-08-22,12:47:45,LMCOMSOL,IN,SERIAL,apoongs@GWS-10
2023-08-22,12:47:45,LMCOMSOL,OUT,SERIAL,apoongs@GWS-10
2023-08-22,12:52:16,LMCOMSOL,OUT,CORROSION,apoongs@GWS-10
2023-08-22,13:32:10,LMCOMSOL,IN,CORROSION,apoongs@GWS-10
2023-08-22,13:32:11,LMCOMSOL,IN,COMSOL,apoongs@GWS-10
2023-08-22,13:32:11,LMCOMSOL,IN,COMSOLGUI,apoongs@GWS-10
2023-08-22,13:32:11,LMCOMSOL,IN,SERIAL,apoongs@GWS-10
2023-08-22,13:32:11,LMCOMSOL,OUT,SERIAL,apoongs@GWS-10
2023-08-22,13:32:11,LMCOMSOL,IN,COMSOLUSER,apoongs@GWS-10
2023-08-22,13:32:13,LMCOMSOL,IN,SERIAL,apoongs@GWS-10
2023-08-22,13:32:22,LMCOMSOL,OUT,SERIAL,apoongs@GWS-10
2023-08-22,13:32:22,LMCOMSOL,IN,SERIAL,apoongs@GWS-10
2023-08-22,13:32:22,LMCOMSOL,OUT,SERIAL,apoongs@GWS-10
2023-08-22,13:32:23,LMCOMSOL,IN,SERIAL,apoongs@GWS-10
2023-08-22,13:32:23,LMCOMSOL,OUT,SERIAL,apoongs@GWS-10
2023-08-22,13:32:23,LMCOMSOL,OUT,COMSOLGUI,apoongs@GWS-10
2023-08-22,13:32:23,LMCOMSOL,OUT,COMSOL,apoongs@GWS-10
2023-08-22,13:32:23,LMCOMSOL,OUT,COMSOLUSER,apoongs@GWS-10
2023-08-22,13:32:29,LMCOMSOL,IN,SERIAL,apoongs@GWS-10
2023-08-22,13:32:29,LMCOMSOL,OUT,SERIAL,apoongs@GWS-10
2023-08-22,13:34:33,LMCOMSOL,OUT,CORROSION,apoongs@GWS-10
2023-08-22,13:53:13,LMCOMSOL,IN,CORROSION,apoongs@GWS-10
2023-08-22,13:53:25,LMCOMSOL,IN,COMSOL,apoongs@GWS-10
2023-08-22,13:53:25,LMCOMSOL,IN,COMSOLGUI,apoongs@GWS-10
2023-08-22,13:53:25,LMCOMSOL,IN,SERIAL,apoongs@GWS-10
2023-08-22,13:53:25,LMCOMSOL,OUT,SERIAL,apoongs@GWS-10
2023-08-22,13:53:25,LMCOMSOL,IN,COMSOLUSER,apoongs@GWS-10
2023-08-22,13:53:28,LMCOMSOL,IN,SERIAL,apoongs@GWS-10
2023-08-22,13:53:35,LMCOMSOL,OUT,SERIAL,apoongs@GWS-10
2023-08-22,13:53:35,LMCOMSOL,IN,SERIAL,apoongs@GWS-10
2023-08-22,13:53:35,LMCOMSOL,OUT,SERIAL,apoongs@GWS-10
2023-08-22,13:53:36,LMCOMSOL,IN,SERIAL,apoongs@GWS-10
2023-08-22,13:53:36,LMCOMSOL,OUT,SERIAL,apoongs@GWS-10
2023-08-22,13:53:36,LMCOMSOL,OUT,COMSOLGUI,apoongs@GWS-10
2023-08-22,13:53:36,LMCOMSOL,OUT,COMSOL,apoongs@GWS-10
2023-08-22,13:53:36,LMCOMSOL,OUT,COMSOLUSER,apoongs@GWS-10
2023-08-22,13:53:42,LMCOMSOL,IN,SERIAL,apoongs@GWS-10
2023-08-22,13:53:42,LMCOMSOL,OUT,SERIAL,apoongs@GWS-10
2023-08-22,13:55:55,LMCOMSOL,OUT,CORROSION,apoongs@GWS-10
2023-08-22,14:09:24,LMCOMSOL,IN,CORROSION,apoongs@GWS-10
2023-08-22,14:11:48,LMCOMSOL,OUT,CORROSION,apoongs@GWS-10
2023-08-22,14:18:00,LMCOMSOL,IN,CORROSION,apoongs@GWS-10
2023-08-22,14:18:01,LMCOMSOL,OUT,CORROSION,apoongs@GWS-10
2023-08-22,14:27:05,LMCOMSOL,IN,CORROSION,apoongs@GWS-10
2023-08-22,14:27:05,LMCOMSOL,IN,COMSOL,apoongs@GWS-10
2023-08-22,14:27:05,LMCOMSOL,IN,COMSOLGUI,apoongs@GWS-10
2023-08-22,14:27:05,LMCOMSOL,IN,SERIAL,apoongs@GWS-10
2023-08-22,14:27:05,LMCOMSOL,OUT,SERIAL,apoongs@GWS-10
2023-08-22,14:27:05,LMCOMSOL,IN,COMSOLUSER,apoongs@GWS-10
2023-08-22,14:27:08,LMCOMSOL,IN,SERIAL,apoongs@GWS-10
2023-08-23,16:17:11,LMCOMSOL,IN,SERIAL,sabarish@GWS-11
2023-08-23,16:17:12,LMCOMSOL,IN,COMSOL,sabarish@GWS-11
2023-08-23,16:17:12,LMCOMSOL,IN,COMSOLGUI,sabarish@GWS-11
2023-08-23,16:17:12,LMCOMSOL,IN,CFD,sabarish@GWS-11
2023-08-23,16:17:12,LMCOMSOL,IN,COMSOLUSER,sabarish@GWS-11
2023-08-23,16:27:36,LMCOMSOL,OUT,SERIAL,sabarish@GWS-11
2023-08-23,16:27:36,LMCOMSOL,OUT,SERIAL,sabarish@GWS-11
2023-08-23,16:27:36,LMCOMSOL,IN,SERIAL,sabarish@GWS-11
2023-08-23,16:27:36,LMCOMSOL,IN,SERIAL,sabarish@GWS-11
2023-08-23,16:27:36,LMCOMSOL,OUT,SERIAL,sabarish@GWS-11
2023-08-23,16:27:36,LMCOMSOL,OUT,SERIAL,sabarish@GWS-11
2023-08-23,16:27:36,LMCOMSOL,IN,SERIAL,sabarish@GWS-11
2023-08-23,16:27:36,LMCOMSOL,IN,SERIAL,sabarish@GWS-11
2023-08-23,16:27:36,LMCOMSOL,OUT,SERIAL,sabarish@GWS-11
2023-08-23,16:27:36,LMCOMSOL,OUT,SERIAL,sabarish@GWS-11
2023-08-23,16:27:36,LMCOMSOL,OUT,COMSOLGUI,sabarish@GWS-11
2023-08-23,16:27:36,LMCOMSOL,OUT,COMSOLGUI,sabarish@GWS-11
2023-08-23,16:27:36,LMCOMSOL,OUT,COMSOL,sabarish@GWS-11
2023-08-23,16:27:36,LMCOMSOL,OUT,COMSOL,sabarish@GWS-11
2023-08-23,16:27:37,LMCOMSOL,OUT,COMSOLUSER,sabarish@GWS-11
2023-08-23,16:27:37,LMCOMSOL,OUT,COMSOLUSER,sabarish@GWS-11
2023-08-23,16:27:45,LMCOMSOL,IN,SERIAL,sabarish@GWS-11
2023-08-23,16:27:45,LMCOMSOL,IN,SERIAL,sabarish@GWS-11
2023-08-23,16:27:45,LMCOMSOL,OUT,SERIAL,sabarish@GWS-11
2023-08-23,16:27:45,LMCOMSOL,OUT,SERIAL,sabarish@GWS-11
2023-08-23,16:27:59,LMCOMSOL,OUT,CFD,sabarish@GWS-11
2023-08-23,16:28:01,LMCOMSOL,OUT,CFD,sabarish@GWS-11
2023-08-28,10:57:18,LMCOMSOL,IN,CFD,avijit@GWS-1
2023-08-28,10:57:18,LMCOMSOL,IN,ACDC,avijit@GWS-1
2023-08-28,10:57:18,LMCOMSOL,IN,CADIMPORT,avijit@GWS-1
2023-08-28,10:57:18,LMCOMSOL,IN,CADIMPORTUSER,avijit@GWS-1
2023-08-28,10:59:06,LMCOMSOL,OUT,ACDC,avijit@GWS-1
2023-08-28,11:02:32,LMCOMSOL,IN,ACDC,avijit@GWS-1
2023-08-28,11:03:13,LMCOMSOL,OUT,ACDC,avijit@GWS-1
2023-08-28,13:39:04,LMCOMSOL,OUT,SERIAL,sabarish@GWS-11
2023-08-28,13:39:04,LMCOMSOL,OUT,SERIAL,sabarish@GWS-11
2023-08-28,13:39:04,LMCOMSOL,IN,SERIAL,sabarish@GWS-11
2023-08-28,13:39:04,LMCOMSOL,IN,SERIAL,sabarish@GWS-11
2023-08-28,13:39:04,LMCOMSOL,OUT,SERIAL,sabarish@GWS-11
2023-08-28,13:39:04,LMCOMSOL,OUT,SERIAL,sabarish@GWS-11
2023-08-28,13:39:04,LMCOMSOL,IN,SERIAL,sabarish@GWS-11
2023-08-28,13:39:04,LMCOMSOL,IN,SERIAL,sabarish@GWS-11
2023-08-28,13:39:04,LMCOMSOL,OUT,SERIAL,sabarish@GWS-11
2023-08-28,13:39:04,LMCOMSOL,OUT,SERIAL,sabarish@GWS-11
2023-08-28,13:39:04,LMCOMSOL,OUT,COMSOLGUI,sabarish@GWS-11
2023-08-28,13:39:04,LMCOMSOL,OUT,COMSOLGUI,sabarish@GWS-11
2023-08-28,13:39:04,LMCOMSOL,OUT,COMSOL,sabarish@GWS-11
2023-08-28,13:39:04,LMCOMSOL,OUT,COMSOL,sabarish@GWS-11
2023-08-28,13:39:04,LMCOMSOL,OUT,COMSOLUSER,sabarish@GWS-11
2023-08-28,13:39:04,LMCOMSOL,OUT,COMSOLUSER,sabarish@GWS-11
2023-08-28,13:39:13,LMCOMSOL,IN,SERIAL,sabarish@GWS-11
2023-08-28,13:39:13,LMCOMSOL,OUT,SERIAL,sabarish@GWS-11
2023-08-28,13:39:13,LMCOMSOL,IN,SERIAL,sabarish@GWS-11
2023-08-28,13:39:13,LMCOMSOL,OUT,SERIAL,sabarish@GWS-11
2023-08-28,13:39:23,LMCOMSOL,OUT,CFD,sabarish@GWS-11
2023-08-28,13:39:23,LMCOMSOL,OUT,CFD,sabarish@GWS-11
2023-08-28,14:11:56,LMCOMSOL,OUT,SERIAL,sabarish@GWS-11
2023-08-28,14:11:56,LMCOMSOL,IN,SERIAL,sabarish@GWS-11
2023-08-28,14:11:56,LMCOMSOL,OUT,SERIAL,sabarish@GWS-11
2023-08-28,14:11:57,LMCOMSOL,IN,SERIAL,sabarish@GWS-11
2023-08-28,14:11:57,LMCOMSOL,OUT,SERIAL,sabarish@GWS-11
2023-08-28,14:11:57,LMCOMSOL,OUT,COMSOLGUI,sabarish@GWS-11
2023-08-28,14:11:57,LMCOMSOL,OUT,COMSOL,sabarish@GWS-11
2023-08-28,14:11:57,LMCOMSOL,OUT,COMSOLUSER,sabarish@GWS-11
2023-08-28,14:12:05,LMCOMSOL,IN,SERIAL,sabarish@GWS-11
2023-08-28,14:12:05,LMCOMSOL,OUT,SERIAL,sabarish@GWS-11
2023-08-28,14:12:33,LMCOMSOL,OUT,CFD,sabarish@GWS-11
2023-08-28,14:18:32,LMCOMSOL,IN,CFD,sabarish@GWS-11
2023-08-28,14:18:32,LMCOMSOL,IN,COMSOL,sabarish@GWS-11
2023-08-28,14:18:32,LMCOMSOL,IN,COMSOLGUI,sabarish@GWS-11
2023-08-28,14:18:32,LMCOMSOL,IN,SERIAL,sabarish@GWS-11
2023-08-28,14:18:32,LMCOMSOL,OUT,SERIAL,sabarish@GWS-11
2023-08-28,14:18:32,LMCOMSOL,IN,COMSOLUSER,sabarish@GWS-11
2023-08-28,14:18:35,LMCOMSOL,IN,SERIAL,sabarish@GWS-11
2023-08-28,14:18:43,LMCOMSOL,OUT,SERIAL,sabarish@GWS-11
2023-08-28,14:18:43,LMCOMSOL,IN,SERIAL,sabarish@GWS-11
2023-08-28,14:18:43,LMCOMSOL,OUT,SERIAL,sabarish@GWS-11
2023-08-28,14:18:44,LMCOMSOL,IN,SERIAL,sabarish@GWS-11
2023-08-28,14:18:44,LMCOMSOL,OUT,SERIAL,sabarish@GWS-11
2023-08-28,14:18:44,LMCOMSOL,OUT,COMSOLGUI,sabarish@GWS-11
2023-08-28,14:18:44,LMCOMSOL,OUT,COMSOL,sabarish@GWS-11
2023-08-28,14:18:44,LMCOMSOL,OUT,COMSOLUSER,sabarish@GWS-11
2023-08-28,14:18:51,LMCOMSOL,IN,SERIAL,sabarish@GWS-11
2023-08-28,14:18:51,LMCOMSOL,OUT,SERIAL,sabarish@GWS-11
2023-08-28,14:19:24,LMCOMSOL,OUT,CFD,sabarish@GWS-11
2023-08-28,14:20:50,LMCOMSOL,IN,CFD,sabarish@GWS-11
2023-08-28,14:20:50,LMCOMSOL,IN,COMSOL,sabarish@GWS-11
2023-08-28,14:20:50,LMCOMSOL,IN,COMSOLGUI,sabarish@GWS-11
2023-08-28,14:20:50,LMCOMSOL,IN,SERIAL,sabarish@GWS-11
2023-08-28,14:20:50,LMCOMSOL,OUT,SERIAL,sabarish@GWS-11
2023-08-28,14:20:50,LMCOMSOL,IN,COMSOLUSER,sabarish@GWS-11
2023-08-28,14:20:53,LMCOMSOL,IN,SERIAL,sabarish@GWS-11
2023-08-28,14:21:02,LMCOMSOL,IN,CFD,sabarish@GWS-11
2023-08-28,14:21:02,LMCOMSOL,IN,COMSOL,sabarish@GWS-11
2023-08-28,14:21:02,LMCOMSOL,IN,COMSOLGUI,sabarish@GWS-11
2023-08-28,14:21:02,LMCOMSOL,IN,SERIAL,sabarish@GWS-11
2023-08-28,14:21:02,LMCOMSOL,OUT,SERIAL,sabarish@GWS-11
2023-08-28,14:21:02,LMCOMSOL,IN,COMSOLUSER,sabarish@GWS-11
2023-08-28,14:21:05,LMCOMSOL,IN,SERIAL,sabarish@GWS-11
2023-08-28,14:21:27,LMCOMSOL,IN,CFD,sabarish@GWS-11
2023-08-28,14:21:27,LMCOMSOL,IN,COMSOL,sabarish@GWS-11
2023-08-28,14:21:27,LMCOMSOL,IN,COMSOLGUI,sabarish@GWS-11
2023-08-28,14:21:27,LMCOMSOL,IN,SERIAL,sabarish@GWS-11
2023-08-28,14:21:27,LMCOMSOL,OUT,SERIAL,sabarish@GWS-11
2023-08-28,14:21:27,LMCOMSOL,IN,COMSOLUSER,sabarish@GWS-11
2023-08-28,14:21:29,LMCOMSOL,IN,SERIAL,sabarish@GWS-11
2023-08-28,14:21:43,LMCOMSOL,OUT,SERIAL,sabarish@GWS-11
2023-08-28,14:21:43,LMCOMSOL,IN,SERIAL,sabarish@GWS-11
2023-08-28,14:21:43,LMCOMSOL,OUT,SERIAL,sabarish@GWS-11
2023-08-28,14:21:44,LMCOMSOL,IN,SERIAL,sabarish@GWS-11
2023-08-28,14:21:44,LMCOMSOL,OUT,SERIAL,sabarish@GWS-11
2023-08-28,14:21:44,LMCOMSOL,IN,SERIAL,sabarish@GWS-11
2023-08-28,14:21:44,LMCOMSOL,OUT,SERIAL,sabarish@GWS-11
2023-08-28,14:21:44,LMCOMSOL,OUT,SERIAL,sabarish@GWS-11
2023-08-28,14:21:44,LMCOMSOL,OUT,COMSOLGUI,sabarish@GWS-11
2023-08-28,14:21:44,LMCOMSOL,OUT,COMSOL,sabarish@GWS-11
2023-08-28,14:21:44,LMCOMSOL,OUT,COMSOLUSER,sabarish@GWS-11
2023-08-28,14:21:44,LMCOMSOL,IN,SERIAL,sabarish@GWS-11
2023-08-28,14:21:44,LMCOMSOL,OUT,SERIAL,sabarish@GWS-11
2023-08-28,14:21:44,LMCOMSOL,OUT,COMSOLGUI,sabarish@GWS-11
2023-08-28,14:21:44,LMCOMSOL,OUT,COMSOL,sabarish@GWS-11
2023-08-28,14:21:44,LMCOMSOL,OUT,COMSOLUSER,sabarish@GWS-11
2023-08-28,14:21:50,LMCOMSOL,IN,SERIAL,sabarish@GWS-11
2023-08-28,14:21:50,LMCOMSOL,OUT,SERIAL,sabarish@GWS-11
2023-08-28,14:21:51,LMCOMSOL,IN,SERIAL,sabarish@GWS-11
2023-08-28,14:21:51,LMCOMSOL,OUT,SERIAL,sabarish@GWS-11
2023-08-28,14:21:59,LMCOMSOL,OUT,CFD,sabarish@GWS-11
2023-08-28,14:22:01,LMCOMSOL,OUT,CFD,sabarish@GWS-11
2023-08-28,14:23:20,LMCOMSOL,OUT,SERIAL,sabarish@GWS-11
2023-08-28,14:23:20,LMCOMSOL,IN,SERIAL,sabarish@GWS-11
2023-08-28,14:23:20,LMCOMSOL,OUT,SERIAL,sabarish@GWS-11
2023-08-28,14:23:21,LMCOMSOL,IN,SERIAL,sabarish@GWS-11
2023-08-28,14:23:21,LMCOMSOL,OUT,SERIAL,sabarish@GWS-11
2023-08-28,14:23:21,LMCOMSOL,OUT,COMSOLGUI,sabarish@GWS-11
2023-08-28,14:23:21,LMCOMSOL,OUT,COMSOL,sabarish@GWS-11
2023-08-28,14:23:21,LMCOMSOL,OUT,COMSOLUSER,sabarish@GWS-11
2023-08-28,14:23:30,LMCOMSOL,IN,SERIAL,sabarish@GWS-11
2023-08-28,14:23:30,LMCOMSOL,OUT,SERIAL,sabarish@GWS-11
2023-08-28,14:24:21,LMCOMSOL,OUT,CFD,sabarish@GWS-11
2023-08-28,14:24:49,LMCOMSOL,IN,CFD,sabarish@GWS-11
2023-08-28,14:24:49,LMCOMSOL,IN,COMSOL,sabarish@GWS-11
2023-08-28,14:24:49,LMCOMSOL,IN,COMSOLGUI,sabarish@GWS-11
2023-08-28,14:24:49,LMCOMSOL,IN,SERIAL,sabarish@GWS-11
2023-08-28,14:24:49,LMCOMSOL,OUT,SERIAL,sabarish@GWS-11
2023-08-28,14:24:49,LMCOMSOL,IN,COMSOLUSER,sabarish@GWS-11
2023-08-28,14:24:51,LMCOMSOL,IN,SERIAL,sabarish@GWS-11
2023-08-28,14:25:20,LMCOMSOL,IN,CFD,sabarish@GWS-11
2023-08-28,14:25:20,LMCOMSOL,IN,COMSOL,sabarish@GWS-11
2023-08-28,14:25:20,LMCOMSOL,IN,COMSOLGUI,sabarish@GWS-11
2023-08-28,14:25:20,LMCOMSOL,IN,SERIAL,sabarish@GWS-11
2023-08-28,14:25:20,LMCOMSOL,OUT,SERIAL,sabarish@GWS-11
2023-08-28,14:25:20,LMCOMSOL,IN,COMSOLUSER,sabarish@GWS-11
2023-08-28,14:25:23,LMCOMSOL,IN,SERIAL,sabarish@GWS-11
2023-08-28,14:25:27,LMCOMSOL,IN,CFD,sabarish@GWS-11
2023-08-28,14:25:27,LMCOMSOL,IN,COMSOL,sabarish@GWS-11
2023-08-28,14:25:27,LMCOMSOL,IN,COMSOLGUI,sabarish@GWS-11
2023-08-28,14:25:27,LMCOMSOL,IN,SERIAL,sabarish@GWS-11
2023-08-28,14:25:27,LMCOMSOL,OUT,SERIAL,sabarish@GWS-11
2023-08-28,14:25:27,LMCOMSOL,IN,COMSOLUSER,sabarish@GWS-11
2023-08-28,14:25:29,LMCOMSOL,IN,SERIAL,sabarish@GWS-11
2023-08-28,14:25:38,LMCOMSOL,OUT,SERIAL,sabarish@GWS-11
2023-08-28,14:25:38,LMCOMSOL,IN,SERIAL,sabarish@GWS-11
2023-08-28,14:25:38,LMCOMSOL,OUT,SERIAL,sabarish@GWS-11
2023-08-28,14:25:39,LMCOMSOL,IN,SERIAL,sabarish@GWS-11
2023-08-28,14:25:39,LMCOMSOL,OUT,SERIAL,sabarish@GWS-11
2023-08-28,14:25:39,LMCOMSOL,OUT,COMSOLGUI,sabarish@GWS-11
2023-08-28,14:25:39,LMCOMSOL,OUT,COMSOL,sabarish@GWS-11
2023-08-28,14:25:39,LMCOMSOL,OUT,COMSOLUSER,sabarish@GWS-11
2023-08-28,14:25:45,LMCOMSOL,IN,SERIAL,sabarish@GWS-11
2023-08-28,14:25:45,LMCOMSOL,OUT,SERIAL,sabarish@GWS-11
2023-08-28,14:26:00,LMCOMSOL,OUT,CFD,sabarish@GWS-11
2023-08-28,14:26:30,LMCOMSOL,OUT,SERIAL,sabarish@GWS-11
2023-08-28,14:26:30,LMCOMSOL,IN,SERIAL,sabarish@GWS-11
2023-08-28,14:26:30,LMCOMSOL,OUT,SERIAL,sabarish@GWS-11
2023-08-28,14:26:30,LMCOMSOL,IN,SERIAL,sabarish@GWS-11
2023-08-28,14:26:30,LMCOMSOL,OUT,SERIAL,sabarish@GWS-11
2023-08-28,14:26:30,LMCOMSOL,OUT,COMSOLGUI,sabarish@GWS-11
2023-08-28,14:26:30,LMCOMSOL,OUT,COMSOL,sabarish@GWS-11
2023-08-28,14:26:31,LMCOMSOL,OUT,COMSOLUSER,sabarish@GWS-11
2023-08-28,14:26:38,LMCOMSOL,IN,SERIAL,sabarish@GWS-11
2023-08-28,14:26:38,LMCOMSOL,OUT,SERIAL,sabarish@GWS-11
2023-08-28,14:26:49,LMCOMSOL,OUT,CFD,sabarish@GWS-11
2023-08-30,10:52:55,LMCOMSOL,OUT,SERIAL,apoongs@GWS-9
2023-08-30,10:52:55,LMCOMSOL,IN,SERIAL,apoongs@GWS-9
2023-08-30,10:53:07,LMCOMSOL,OUT,SERIAL,apoongs@GWS-9
2023-08-30,10:53:19,LMCOMSOL,OUT,COMSOLGUI,apoongs@GWS-9
2023-08-30,10:53:31,LMCOMSOL,OUT,COMSOL,apoongs@GWS-9
2023-08-30,10:53:52,LMCOMSOL,IN,COMSOL,apoongs@GWS-9
2023-08-30,10:53:52,LMCOMSOL,IN,COMSOLGUI,apoongs@GWS-9
2023-08-30,10:53:52,LMCOMSOL,IN,SERIAL,apoongs@GWS-9
2023-08-30,10:54:29,LMCOMSOL,OUT,SERIAL,apoongs@GWS-9
2023-08-30,10:54:29,LMCOMSOL,IN,SERIAL,apoongs@GWS-9
2023-08-30,10:54:40,LMCOMSOL,OUT,SERIAL,apoongs@GWS-9
2023-08-30,10:54:52,LMCOMSOL,OUT,COMSOLGUI,apoongs@GWS-9
2023-08-30,10:54:52,LMCOMSOL,OUT,COMSOL,apoongs@GWS-9
2023-08-30,10:56:01,LMCOMSOL,IN,COMSOL,apoongs@GWS-9
2023-08-30,10:56:01,LMCOMSOL,IN,COMSOLGUI,apoongs@GWS-9
2023-08-30,10:56:01,LMCOMSOL,IN,SERIAL,apoongs@GWS-9
2023-08-30,10:57:07,LMCOMSOL,IN,CORROSION,apoongs@GWS-9
2023-08-30,10:57:07,LMCOMSOL,IN,COMSOL,apoongs@GWS-9
2023-08-30,10:57:07,LMCOMSOL,IN,COMSOLGUI,apoongs@GWS-9
2023-08-30,10:57:07,LMCOMSOL,IN,SERIAL,apoongs@GWS-9
2023-08-30,10:57:19,LMCOMSOL,OUT,SERIAL,apoongs@GWS-9
2023-08-30,10:57:19,LMCOMSOL,IN,COMSOLUSER,apoongs@GWS-9
2023-08-30,10:57:22,LMCOMSOL,IN,SERIAL,apoongs@GWS-9
2023-08-30,14:08:47,LMCOMSOL,OUT,SERIAL,apoongs@GWS-9
2023-08-30,14:08:47,LMCOMSOL,IN,SERIAL,apoongs@GWS-9
2023-08-30,14:08:47,LMCOMSOL,OUT,SERIAL,apoongs@GWS-9
2023-08-30,14:08:47,LMCOMSOL,IN,SERIAL,apoongs@GWS-9
2023-08-30,14:08:47,LMCOMSOL,OUT,SERIAL,apoongs@GWS-9
2023-08-30,14:08:47,LMCOMSOL,OUT,COMSOLGUI,apoongs@GWS-9
2023-08-30,14:08:47,LMCOMSOL,OUT,COMSOL,apoongs@GWS-9
2023-08-30,14:08:47,LMCOMSOL,OUT,COMSOLUSER,apoongs@GWS-9
2023-08-30,14:08:54,LMCOMSOL,IN,SERIAL,apoongs@GWS-9
2023-08-30,14:09:06,LMCOMSOL,OUT,SERIAL,apoongs@GWS-9
2023-08-30,14:25:01,LMCOMSOL,IN,COMSOL,apoongs@GWS-9
2023-08-30,14:25:01,LMCOMSOL,IN,COMSOLGUI,apoongs@GWS-9
2023-08-30,14:25:01,LMCOMSOL,IN,SERIAL,apoongs@GWS-9
2023-08-30,14:25:06,LMCOMSOL,IN,COMSOLUSER,apoongs@GWS-9
2023-08-30,15:24:38,LMCOMSOL,OUT,SERIAL,sabarish@GWS-11
2023-08-30,15:24:38,LMCOMSOL,IN,SERIAL,sabarish@GWS-11
2023-08-30,15:24:39,LMCOMSOL,OUT,SERIAL,sabarish@GWS-11
2023-08-30,15:24:39,LMCOMSOL,IN,SERIAL,sabarish@GWS-11
2023-08-30,15:24:39,LMCOMSOL,OUT,SERIAL,sabarish@GWS-11
2023-08-30,15:24:39,LMCOMSOL,OUT,COMSOLGUI,sabarish@GWS-11
2023-08-30,15:24:39,LMCOMSOL,OUT,COMSOL,sabarish@GWS-11
2023-08-30,15:24:39,LMCOMSOL,OUT,COMSOLUSER,sabarish@GWS-11
2023-08-30,15:24:42,LMCOMSOL,OUT,SERIAL,sabarish@GWS-11
2023-08-30,15:24:42,LMCOMSOL,IN,SERIAL,sabarish@GWS-11
2023-08-30,15:24:42,LMCOMSOL,OUT,SERIAL,sabarish@GWS-11
2023-08-30,15:24:42,LMCOMSOL,IN,SERIAL,sabarish@GWS-11
2023-08-30,15:24:42,LMCOMSOL,OUT,SERIAL,sabarish@GWS-11
2023-08-30,15:24:42,LMCOMSOL,OUT,COMSOLGUI,sabarish@GWS-11
2023-08-30,15:24:43,LMCOMSOL,OUT,COMSOL,sabarish@GWS-11
2023-08-30,15:24:43,LMCOMSOL,OUT,COMSOLUSER,sabarish@GWS-11
2023-08-30,15:24:46,LMCOMSOL,IN,SERIAL,sabarish@GWS-11
2023-08-30,15:24:46,LMCOMSOL,OUT,SERIAL,sabarish@GWS-11
2023-08-30,15:24:50,LMCOMSOL,IN,SERIAL,sabarish@GWS-11
2023-08-30,15:24:50,LMCOMSOL,OUT,SERIAL,sabarish@GWS-11
2023-08-30,15:24:58,LMCOMSOL,OUT,CFD,sabarish@GWS-11
2023-08-30,15:25:05,LMCOMSOL,OUT,CFD,sabarish@GWS-11
2023-08-30,15:26:22,LMCOMSOL,IN,CFD,sabarish@GWS-11
2023-08-30,15:26:22,LMCOMSOL,IN,COMSOL,sabarish@GWS-11
2023-08-30,15:26:22,LMCOMSOL,IN,COMSOLGUI,sabarish@GWS-11
2023-08-30,15:26:22,LMCOMSOL,IN,SERIAL,sabarish@GWS-11
2023-08-30,15:26:22,LMCOMSOL,OUT,SERIAL,sabarish@GWS-11
2023-08-30,15:26:22,LMCOMSOL,IN,COMSOLUSER,sabarish@GWS-11
2023-08-30,15:26:25,LMCOMSOL,IN,SERIAL,sabarish@GWS-11
